file_name,separate_tide,the_tight_noon,concealment,target,age,gender,id,original_id
s0_1.wav,0,1.0,1,0,14,1,95dae92b,s0_1
s0_2.wav,0,1.0,1,0,14,1,272fea57,s0_2
s0_3.wav,0,1.0,1,0,14,1,d3373713,s0_3
s0_4.wav,0,1.0,1,0,14,1,785e816f,s0_4
s0_5.wav,0,1.0,1,0,14,1,d974538c,s0_5
s0_6.wav,0,1.0,1,0,14,1,2996201c,s0_6
s0_7.wav,0,1.0,1,0,14,1,eaa2bcb6,s0_7
s0_8.wav,0,1.0,1,0,14,1,d5506fe5,s0_8
s0_9.wav,0,1.0,1,0,14,1,ba21883a,s0_9
s0_10.wav,0,1.0,1,0,14,1,55f305be,s0_10
s1_1.wav,0,1.0,1,0,49,0,749de95e,s1_1
s1_2.wav,0,1.0,1,0,49,0,37f50c39,s1_2
s1_3.wav,0,1.0,1,0,49,0,093b5186,s1_3
s1_4.wav,0,1.0,1,0,49,0,ec30089a,s1_4
s1_5.wav,0,1.0,1,0,49,0,36fc7a5c,s1_5
s1_6.wav,0,1.0,1,0,49,0,5113fb25,s1_6
s1_7.wav,0,1.0,1,0,49,0,513127cf,s1_7
s1_8.wav,0,1.0,1,0,49,0,5851eb12,s1_8
s1_9.wav,0,1.0,1,0,49,0,ceb88f72,s1_9
s1_10.wav,0,1.0,1,0,49,0,ba15b6e7,s1_10
s2_1.wav,0,1.0,1,0,59,0,3a9d597b,s2_1
s2_2.wav,0,1.0,1,0,59,0,d0c51627,s2_2
s2_3.wav,0,1.0,1,0,59,0,dde46eba,s2_3
s2_4.wav,0,1.0,1,0,59,0,b99f2dd3,s2_4
s2_5.wav,0,1.0,1,0,59,0,1dba82d3,s2_5
s2_6.wav,0,1.0,1,0,59,0,d17dfccf,s2_6
s2_7.wav,0,1.0,1,0,59,0,aab3287b,s2_7
s2_8.wav,0,1.0,1,0,59,0,3854f242,s2_8
s2_9.wav,0,1.0,1,0,59,0,6b785035,s2_9
s2_10.wav,0,1.0,1,0,59,0,7299562e,s2_10
s3_1.wav,1,1.0,1,1,63,0,ef62e986,s3_1
s3_2.wav,1,1.0,1,1,63,0,420c1ea8,s3_2
s3_3.wav,1,1.0,1,1,63,0,7fc3b0d9,s3_3
s3_4.wav,1,1.0,1,1,63,0,5f3e97a8,s3_4
s3_5.wav,1,1.0,1,1,63,0,4d639a63,s3_5
s3_6.wav,1,1.0,1,1,63,0,248d73be,s3_6
s3_7.wav,1,1.0,1,1,63,0,ba7960c8,s3_7
s3_8.wav,1,1.0,1,1,63,0,ad625b41,s3_8
s3_9.wav,1,1.0,1,1,63,0,7ab719d1,s3_9
s3_10.wav,1,1.0,1,1,63,0,d34e5124,s3_10
s4_1.wav,1,1.0,1,1,48,0,f3fe5709,s4_1
s4_2.wav,1,1.0,1,1,48,0,1ef04aa3,s4_2
s4_3.wav,1,1.0,1,1,48,0,38c6ac6d,s4_3
s4_4.wav,1,1.0,1,1,48,0,de09ad63,s4_4
s4_5.wav,1,1.0,1,1,48,0,5e2a4226,s4_5
s4_6.wav,1,1.0,1,1,48,0,082eedb0,s4_6
s4_7.wav,1,1.0,1,1,48,0,f3b208b2,s4_7
s4_8.wav,1,1.0,1,1,48,0,97ba935f,s4_8
s4_9.wav,1,1.0,1,1,48,0,ad99f2a3,s4_9
s4_10.wav,1,1.0,1,1,48,0,f087b221,s4_10
s5_1.wav,0,1.0,1,0,20,1,e700d6ac,s5_1
s5_2.wav,1,1.0,1,1,20,1,90a66fa9,s5_2
s5_3.wav,0,1.0,1,0,20,1,2cbe30db,s5_3
s5_4.wav,0,1.0,1,0,20,1,036c6fff,s5_4
s5_5.wav,0,1.0,1,0,20,1,51ab495c,s5_5
s5_6.wav,0,1.0,1,0,20,1,9ce141f8,s5_6
s6_1.wav,1,1.0,1,1,14,1,d02919ca,s6_1
s6_2.wav,1,1.0,1,1,14,1,da83e10e,s6_2
s6_3.wav,1,1.0,1,1,14,1,aac70377,s6_3
s6_4.wav,1,1.0,1,1,14,1,ee702d51,s6_4
s6_5.wav,1,1.0,1,1,14,1,311de257,s6_5
s6_6.wav,1,1.0,1,1,14,1,831c87b7,s6_6
s6_7.wav,1,1.0,1,1,14,1,cbf4c115,s6_7
s6_8.wav,1,1.0,1,1,14,1,f29c4bae,s6_8
s6_9.wav,1,1.0,1,1,14,1,9f343c66,s6_9
s7_1.wav,0,0.0,0,0,50,1,76546cb8,s7_1
s7_2.wav,0,0.0,0,0,50,1,55e4dcad,s7_2
s7_3.wav,0,0.0,0,0,50,1,12b607c4,s7_3
s7_4.wav,0,0.0,0,0,50,1,ae9029ab,s7_4
s7_5.wav,0,0.0,0,0,50,1,f9abed79,s7_5
s7_6.wav,0,0.0,0,0,50,1,0b6c3598,s7_6
s7_7.wav,0,0.0,0,0,50,1,b35c600a,s7_7
s7_8.wav,0,0.0,0,0,50,1,cf91491d,s7_8
s7_9.wav,0,0.0,0,0,50,1,7a0469bc,s7_9
s7_10.wav,0,0.0,0,0,50,1,d80c3cba,s7_10
s8_1.wav,1,1.0,1,1,16,1,3e62a56b,s8_1
s8_2.wav,1,1.0,1,1,16,1,9c6d6d2e,s8_2
s8_3.wav,1,1.0,1,1,16,1,d7659d8d,s8_3
s8_4.wav,1,1.0,1,1,16,1,ab73e0f6,s8_4
s8_5.wav,1,1.0,1,1,16,1,bc1b2277,s8_5
s8_6.wav,1,1.0,1,1,16,1,bdb79db6,s8_6
s8_7.wav,1,1.0,1,1,16,1,1ca0f586,s8_7
s8_8.wav,1,1.0,1,1,16,1,9caba765,s8_8
s8_9.wav,1,1.0,1,1,16,1,4c5b3eac,s8_9
s8_10.wav,1,1.0,1,1,16,1,5d0943fb,s8_10
s9_1.wav,1,1.0,1,1,25,1,840fca92,s9_1
s9_2.wav,1,1.0,1,1,25,1,f86689bf,s9_2
s10_1.wav,1,0.0,0,0,40,1,25d74cc6,s10_1
s10_2.wav,1,0.0,0,0,40,1,15389942,s10_2
s10_3.wav,1,0.0,0,0,40,1,3be947c1,s10_3
s10_4.wav,1,0.0,0,0,40,1,686078b2,s10_4
s10_5.wav,0,1.0,0,0,40,1,728c7c42,s10_5
s10_6.wav,0,1.0,0,0,40,1,289cbb94,s10_6
s10_7.wav,1,1.0,0,0,40,1,1854f0b5,s10_7
s10_8.wav,0,1.0,0,0,40,1,1aafcfe1,s10_8
s10_9.wav,1,1.0,0,0,40,1,2576cb16,s10_9
s10_10.wav,1,0.0,0,0,40,1,7a001934,s10_10
s11_1.wav,0,0.0,0,0,18,0,84f0bbd6,s11_1
s11_2.wav,0,0.0,0,0,18,0,ab324a6b,s11_2
s11_3.wav,0,0.0,0,0,18,0,b987b23a,s11_3
s11_4.wav,0,0.0,0,0,18,0,57c38de4,s11_4
s11_5.wav,0,0.0,0,0,18,0,8b4edc4a,s11_5
s11_6.wav,0,0.0,0,0,18,0,d14e2c8c,s11_6
s11_7.wav,0,0.0,0,0,18,0,cf5e9343,s11_7
s11_8.wav,0,0.0,0,0,18,0,67b515e9,s11_8
s11_9.wav,0,0.0,0,0,18,0,8c578845,s11_9
s11_10.wav,0,0.0,0,0,18,0,e2c30c9b,s11_10
s12_1.wav,1,1.0,1,1,35,0,ed4f42ab,s12_1
s12_2.wav,1,1.0,1,1,35,0,de1c0143,s12_2
s12_3.wav,1,1.0,1,1,35,0,1c244c0e,s12_3
s12_4.wav,1,1.0,1,1,35,0,24a68cb4,s12_4
s12_5.wav,1,1.0,1,1,35,0,cc0b2a92,s12_5
s12_6.wav,1,1.0,1,1,35,0,9c242175,s12_6
s12_7.wav,1,1.0,1,1,35,0,740e5068,s12_7
s12_8.wav,1,1.0,1,1,35,0,9b5c4519,s12_8
s12_9.wav,1,1.0,1,1,35,0,c5c15ecd,s12_9
s12_10.wav,1,1.0,1,1,35,0,a59ad3a5,s12_10
s13_1.wav,1,1.0,0,0,24,1,cbf7cd1a,s13_1
s13_2.wav,1,1.0,0,0,24,1,775ccd14,s13_2
s13_3.wav,1,1.0,0,0,24,1,023f64bc,s13_3
s13_4.wav,1,1.0,0,0,24,1,950e911b,s13_4
s13_5.wav,1,1.0,0,0,24,1,79eca144,s13_5
s13_6.wav,1,1.0,0,0,24,1,4937446d,s13_6
s13_7.wav,1,1.0,0,0,24,1,8a9e070c,s13_7
s13_8.wav,1,1.0,0,0,24,1,d703abc6,s13_8
s13_9.wav,1,1.0,0,0,24,1,78a5ed88,s13_9
s13_10.wav,1,1.0,0,0,24,1,1ad96749,s13_10
s14_1.wav,1,1.0,0,0,27,0,71d78601,s14_1
s14_2.wav,0,1.0,0,0,27,0,559ef03a,s14_2
s14_3.wav,0,1.0,0,0,27,0,4e77b8fd,s14_3
s14_4.wav,0,1.0,0,0,27,0,c0336230,s14_4
s14_5.wav,0,1.0,0,0,27,0,b54aa126,s14_5
s14_6.wav,0,1.0,0,0,27,0,9ce6be92,s14_6
s14_7.wav,0,1.0,0,0,27,0,d953c94e,s14_7
s14_8.wav,0,1.0,0,0,27,0,fc894109,s14_8
s14_9.wav,0,1.0,0,0,27,0,68df1719,s14_9
s14_10.wav,0,1.0,0,0,27,0,029b3f37,s14_10
s15_1.wav,0,1.0,0,0,55,0,8ae47b05,s15_1
s15_2.wav,0,1.0,0,0,55,0,0ab8f259,s15_2
s15_3.wav,0,1.0,0,0,55,0,ba383c55,s15_3
s15_4.wav,0,1.0,0,0,55,0,2b0e348a,s15_4
s15_5.wav,0,1.0,0,0,55,0,3c61561e,s15_5
s15_6.wav,0,1.0,0,0,55,0,3d45ca96,s15_6
s15_7.wav,0,1.0,0,0,55,0,dc0c0b40,s15_7
s15_8.wav,0,1.0,0,0,55,0,a298aab2,s15_8
s15_9.wav,0,1.0,0,0,55,0,ce3381d8,s15_9
s15_10.wav,0,1.0,0,0,55,0,da558575,s15_10
s16_1.wav,1,1.0,1,1,25,0,da7dd80d,s16_1
s16_2.wav,1,1.0,1,1,25,0,2d1b5f00,s16_2
s16_3.wav,1,1.0,1,1,25,0,c5dc041a,s16_3
s16_4.wav,1,1.0,1,1,25,0,f6322fad,s16_4
s16_5.wav,1,1.0,1,1,25,0,32dfcbef,s16_5
s16_6.wav,1,1.0,1,1,25,0,f3bb7c1e,s16_6
s17_1.wav,1,1.0,1,1,50,0,72781e8e,s17_1
s17_2.wav,1,1.0,1,1,50,0,7fa1fda3,s17_2
s17_3.wav,1,1.0,1,1,50,0,d3021536,s17_3
s17_4.wav,1,1.0,1,1,50,0,36322d6d,s17_4
s17_5.wav,1,1.0,1,1,50,0,042494c8,s17_5
s17_6.wav,1,1.0,1,1,50,0,3e7e82ee,s17_6
s17_7.wav,1,1.0,1,1,50,0,19f18f56,s17_7
s17_8.wav,1,1.0,1,1,50,0,2a16ddcd,s17_8
s17_9.wav,1,1.0,1,1,50,0,41b6b9c2,s17_9
s18_1.wav,1,1.0,1,1,40,0,dfda63e3,s18_1
s18_2.wav,1,1.0,1,1,40,0,3d5a69d3,s18_2
s18_3.wav,1,1.0,1,1,40,0,a5cd6e61,s18_3
s18_4.wav,1,1.0,1,1,40,0,2d67876a,s18_4
s18_5.wav,1,1.0,1,1,40,0,e6e474f4,s18_5
s18_6.wav,1,1.0,1,1,40,0,a7f7a55a,s18_6
s18_7.wav,1,1.0,1,1,40,0,56c98b13,s18_7
s18_8.wav,1,1.0,1,1,40,0,689b699e,s18_8
s18_9.wav,1,1.0,1,1,40,0,d95adee0,s18_9
s19_1.wav,1,1.0,1,1,48,0,cde9c234,s19_1
s19_2.wav,1,1.0,1,1,48,0,855d5e9f,s19_2
s19_3.wav,1,1.0,1,1,48,0,73c488ff,s19_3
s19_4.wav,1,1.0,1,1,48,0,dc9033c6,s19_4
s19_5.wav,1,1.0,1,1,48,0,0e26363f,s19_5
s19_6.wav,1,1.0,1,1,48,0,67a21d26,s19_6
s19_7.wav,1,1.0,1,1,48,0,44d64e90,s19_7
s19_8.wav,1,1.0,1,1,48,0,309f16a1,s19_8
s19_9.wav,1,1.0,1,1,48,0,b7e105fb,s19_9
s19_10.wav,1,1.0,1,1,48,0,0cf9fd45,s19_10
s20_1.wav,1,1.0,1,1,42,0,702a522a,s20_1
s20_2.wav,1,1.0,1,1,42,0,9fe8691f,s20_2
s20_3.wav,1,1.0,1,1,42,0,ee36d1e7,s20_3
s20_4.wav,1,1.0,1,1,42,0,a6a36a24,s20_4
s20_5.wav,1,1.0,1,1,42,0,d8541689,s20_5
s20_6.wav,1,1.0,1,1,42,0,342fb6b7,s20_6
s20_7.wav,1,1.0,1,1,42,0,ddcc8c87,s20_7
s20_8.wav,1,1.0,1,1,42,0,55ea2887,s20_8
s20_9.wav,1,1.0,1,1,42,0,9aecccec,s20_9
s20_10.wav,1,1.0,1,1,42,0,3d6ec593,s20_10
s21_1.wav,0,1.0,1,1,56,0,e3bac318,s21_1
s21_2.wav,0,1.0,0,0,56,0,06161012,s21_2
s21_3.wav,0,1.0,1,0,56,0,f6567dd9,s21_3
s21_4.wav,0,1.0,1,0,56,0,e0fbd0a7,s21_4
s21_5.wav,0,1.0,1,0,56,0,599d7a94,s21_5
s21_6.wav,0,1.0,1,0,56,0,41dfdff2,s21_6
s21_7.wav,0,1.0,1,0,56,0,771bd1bb,s21_7
s21_8.wav,0,1.0,1,0,56,0,e026db7f,s21_8
s21_9.wav,0,1.0,1,0,56,0,0ba88aba,s21_9
s21_10.wav,0,1.0,1,0,56,0,6f3167af,s21_10
s22_1.wav,1,1.0,1,1,46,0,8b90df62,s22_1
s22_2.wav,1,1.0,1,1,56,0,86e2c178,s22_2
s22_3.wav,1,1.0,1,1,46,0,87c9fe30,s22_3
s22_4.wav,1,1.0,1,1,46,0,040b9ef6,s22_4
s22_5.wav,1,1.0,1,1,46,0,58e7112b,s22_5
s22_6.wav,1,,1,1,46,0,21f9e9e6,s22_6
s22_7.wav,1,1.0,1,1,46,0,a90fa798,s22_7
s22_8.wav,1,1.0,1,1,46,0,d52d6699,s22_8
s22_9.wav,1,1.0,1,1,46,0,20b16886,s22_9
s22_10.wav,1,1.0,1,1,46,0,294c5794,s22_10
s23_1.wav,1,1.0,0,0,51,0,9ee15931,s23_1
s23_2.wav,1,1.0,0,0,51,0,9632ad7f,s23_2
s23_3.wav,1,1.0,0,0,51,0,f8eafa42,s23_3
s23_4.wav,1,1.0,0,0,51,0,9ede55e4,s23_4
s23_5.wav,1,1.0,0,0,51,0,58d11f25,s23_5
s23_6.wav,1,1.0,0,0,51,0,752266d2,s23_6
s23_7.wav,1,1.0,0,0,51,0,f29e454b,s23_7
s23_8.wav,1,1.0,0,0,51,0,26caa309,s23_8
s23_9.wav,1,1.0,0,0,51,0,05302394,s23_9
s23_10.wav,1,1.0,0,0,51,0,79835c51,s23_10
s24_1.wav,1,1.0,0,1,57,0,6aa5278a,s24_1
s24_2.wav,1,1.0,0,0,57,0,3c43651e,s24_2
s24_3.wav,1,1.0,0,0,57,0,18078f8a,s24_3
s24_4.wav,1,1.0,0,0,57,0,f3a72a80,s24_4
s24_5.wav,1,1.0,0,0,57,0,39cd898c,s24_5
s24_6.wav,1,1.0,0,0,57,0,ff84928a,s24_6
s24_7.wav,1,1.0,0,0,57,0,0ff938a1,s24_7
s24_8.wav,1,1.0,0,0,57,0,3bc0c3c1,s24_8
s24_9.wav,1,1.0,0,0,57,0,f7c99848,s24_9
s24_10.wav,1,1.0,0,0,57,0,fd48a12c,s24_10
s25_1.wav,1,1.0,0,0,60,0,e27ddd60,s25_1
s25_2.wav,1,1.0,0,0,60,0,758c2d7c,s25_2
s25_3.wav,1,1.0,0,0,60,0,0b379998,s25_3
s25_4.wav,1,1.0,0,0,60,0,7d7cf045,s25_4
s25_5.wav,1,1.0,0,0,60,0,62dd77ac,s25_5
s25_6.wav,1,1.0,0,0,60,0,6e238a12,s25_6
s25_7.wav,1,1.0,0,0,60,0,4dfd6405,s25_7
s25_8.wav,1,1.0,0,0,60,0,ff1ac363,s25_8
s25_9.wav,0,1.0,0,0,60,0,9536c4f0,s25_9
s25_10.wav,0,1.0,0,0,60,0,f0af5ff4,s25_10
s26_1.wav,1,1.0,1,1,65,0,a3c8dc35,s26_1
s26_2.wav,1,1.0,1,1,65,0,ef2f51ca,s26_2
s26_3.wav,1,1.0,1,1,65,0,6ae842a1,s26_3
s26_4.wav,1,1.0,1,1,65,0,5897e397,s26_4
s26_5.wav,1,1.0,1,1,65,0,175a6326,s26_5
s26_6.wav,1,1.0,1,1,65,0,e0b54278,s26_6
s26_7.wav,1,1.0,1,1,65,0,28ced1c6,s26_7
s26_8.wav,1,1.0,1,1,65,0,16a67f85,s26_8
s26_9.wav,1,1.0,1,1,65,0,801c6f98,s26_9
s26_10.wav,1,1.0,1,1,65,0,c4ab57b5,s26_10
s27_1.wav,0,1.0,0,0,68,0,2f60ca80,s27_1
s27_2.wav,0,1.0,0,0,68,0,6409cc47,s27_2
s27_3.wav,0,1.0,0,0,68,0,c95e003b,s27_3
s27_4.wav,0,1.0,0,0,68,0,c682b31f,s27_4
s27_5.wav,0,1.0,0,0,68,0,a5e98d69,s27_5
s27_6.wav,0,0.0,0,0,68,0,342919fc,s27_6
s27_7.wav,0,0.0,0,0,68,0,3ae0c84f,s27_7
s27_8.wav,0,1.0,0,0,68,0,bf2613bd,s27_8
s27_9.wav,0,1.0,0,0,68,0,baf97c3d,s27_9
s27_10.wav,0,1.0,0,0,68,0,8e238551,s27_10
s28_1.wav,1,1.0,1,1,52,0,0b465ddb,s28_1
s28_2.wav,1,1.0,1,1,52,0,b5bde197,s28_2
s28_3.wav,1,1.0,1,1,52,0,467f514f,s28_3
s28_4.wav,1,1.0,1,1,52,0,ff176b38,s28_4
s28_5.wav,1,1.0,1,1,52,0,3d6b3183,s28_5
s28_6.wav,1,1.0,1,1,52,0,7ffba322,s28_6
s28_7.wav,1,1.0,1,1,52,0,a3361e22,s28_7
s28_8.wav,1,1.0,1,1,52,0,ff871ca8,s28_8
s28_9.wav,1,1.0,1,1,52,0,52069ad5,s28_9
s28_10.wav,1,1.0,1,1,52,0,cd0ec2f7,s28_10
s29_1.wav,1,1.0,1,1,50,0,baf6ce20,s29_1
s29_2.wav,1,1.0,1,1,50,0,8d5aa0ff,s29_2
s29_3.wav,0,1.0,1,0,50,0,4d502900,s29_3
s29_4.wav,1,1.0,1,1,50,0,3e969494,s29_4
s29_5.wav,1,1.0,1,1,50,0,80b9c689,s29_5
s29_6.wav,1,1.0,1,1,50,0,c2cb9c43,s29_6
s29_7.wav,0,1.0,1,0,50,0,0499f7cc,s29_7
s29_8.wav,0,1.0,1,0,50,0,66ee573e,s29_8
s29_9.wav,0,1.0,1,0,50,0,e5d233d4,s29_9
s29_10.wav,1,1.0,1,1,50,0,02dee2fb,s29_10
s30_1.wav,1,1.0,1,1,50,0,85d912a8,s30_1
s30_2.wav,1,1.0,0,0,50,0,f360829b,s30_2
s30_3.wav,1,1.0,0,0,50,0,25f36ffd,s30_3
s30_4.wav,0,1.0,0,0,50,0,6d665d43,s30_4
s30_5.wav,0,1.0,0,0,50,0,84c41cec,s30_5
s30_6.wav,0,1.0,0,0,50,0,18615bcd,s30_6
s30_7.wav,0,1.0,0,0,50,0,6c2ff76a,s30_7
s30_8.wav,0,1.0,0,0,50,0,d8569464,s30_8
s30_9.wav,0,1.0,0,0,50,0,54b29dec,s30_9
s31_1.wav,0,1.0,0,0,50,0,876ad789,s31_1
s31_2.wav,0,1.0,0,0,50,0,09792fea,s31_2
s31_3.wav,0,1.0,0,0,50,0,9c948666,s31_3
s31_4.wav,0,1.0,0,0,50,0,a894b87d,s31_4
s31_5.wav,1,1.0,0,1,50,0,226ed2e3,s31_5
s31_6.wav,0,1.0,0,0,50,0,d498a287,s31_6
s31_7.wav,1,1.0,0,1,50,0,c8df8d5d,s31_7
s31_8.wav,0,1.0,0,0,50,0,2cfdbb9b,s31_8
s31_9.wav,0,1.0,0,0,50,0,4e7506be,s31_9
s32_1.wav,0,0.0,0,0,55,0,3f674993,s32_1
s32_2.wav,0,0.0,0,0,55,0,927ce830,s32_2
s32_3.wav,0,0.0,0,0,55,0,030d16ac,s32_3
s32_4.wav,0,0.0,0,0,55,0,5054099b,s32_4
s32_5.wav,0,0.0,0,0,55,0,b7172a95,s32_5
s32_6.wav,0,0.0,0,0,55,0,def4ce32,s32_6
s32_7.wav,0,0.0,0,0,55,0,975de6d6,s32_7
s32_8.wav,0,0.0,0,0,55,0,a963c2a6,s32_8
s32_9.wav,0,0.0,0,0,55,0,ae606ad9,s32_9
s32_10.wav,0,0.0,0,0,55,0,04f1cbcf,s32_10
s33_1.wav,0,0.0,0,0,21,0,cd42369a,s33_1
s33_2.wav,0,0.0,0,0,21,0,15106352,s33_2
s33_3.wav,0,0.0,0,0,21,0,d89c350a,s33_3
s33_4.wav,0,0.0,0,0,21,0,874f9434,s33_4
s33_5.wav,0,0.0,0,0,21,0,8eed1c1a,s33_5
s33_6.wav,0,0.0,0,0,21,0,8606edd7,s33_6
s33_7.wav,0,0.0,0,0,21,0,902a9087,s33_7
s33_8.wav,0,0.0,0,0,21,0,7db2f492,s33_8
s33_9.wav,0,0.0,0,0,21,0,1b10b55c,s33_9
s33_10.wav,0,0.0,0,0,21,0,6d8234ae,s33_10
s34_1.wav,1,1.0,1,1,57,0,f009e695,s34_1
s34_2.wav,1,1.0,1,1,57,0,a16d8827,s34_2
s34_3.wav,1,1.0,1,1,57,0,91d80b3d,s34_3
s34_4.wav,1,1.0,1,1,57,0,a7b76f3a,s34_4
s34_5.wav,1,1.0,1,1,57,0,44705f2b,s34_5
s34_6.wav,1,1.0,1,1,57,0,6e05a467,s34_6
s34_7.wav,1,1.0,1,1,57,0,fef2f543,s34_7
s34_8.wav,1,1.0,1,1,57,0,1efb6717,s34_8
s34_9.wav,1,1.0,1,1,57,0,2c985d41,s34_9
s34_10.wav,1,1.0,1,1,57,0,9a118d2b,s34_10
s35_1.wav,1,1.0,1,1,57,0,f6f73fa4,s35_1
s35_2.wav,1,1.0,1,1,57,0,89c3d596,s35_2
s35_3.wav,1,1.0,1,1,57,0,6d8a5158,s35_3
s35_4.wav,1,1.0,1,1,57,0,fc16b18f,s35_4
s35_5.wav,1,1.0,1,1,57,0,3ce8c427,s35_5
s35_6.wav,1,1.0,1,1,57,0,0dc4eed1,s35_6
s35_7.wav,1,1.0,1,1,57,0,f9446648,s35_7
s35_8.wav,1,1.0,1,1,57,0,fee5e139,s35_8
s35_9.wav,1,1.0,1,1,57,0,8235b35c,s35_9
s35_10.wav,1,1.0,1,1,57,0,ea75c690,s35_10
s36_1.wav,1,1.0,1,1,28,0,f098a077,s36_1
s36_2.wav,1,1.0,1,1,28,0,2f67d6d5,s36_2
s36_3.wav,1,1.0,1,1,28,0,7e427410,s36_3
s36_4.wav,1,1.0,1,1,28,0,6bcac474,s36_4
s36_5.wav,1,1.0,1,1,28,0,e236c1ce,s36_5
s36_6.wav,1,1.0,1,1,28,0,fdb594ed,s36_6
s36_7.wav,1,1.0,1,1,28,0,4acce1d9,s36_7
s36_8.wav,1,1.0,1,1,28,0,f716b8f1,s36_8
s36_9.wav,1,1.0,1,1,28,0,daccd4a5,s36_9
s36_10.wav,1,1.0,1,1,28,0,447e8ec3,s36_10
s37_1.wav,1,1.0,1,1,30,0,3cca16e5,s37_1
s37_2.wav,1,1.0,1,1,30,0,9bc9e727,s37_2
s37_3.wav,1,1.0,1,1,30,0,53487ae6,s37_3
s37_4.wav,1,1.0,1,1,30,0,996d55f5,s37_4
s37_5.wav,1,1.0,1,1,30,0,aef60613,s37_5
s37_6.wav,1,1.0,1,1,30,0,cb71d300,s37_6
s37_7.wav,1,1.0,1,1,30,0,d09ca1eb,s37_7
s37_8.wav,1,1.0,1,1,30,0,09414ada,s37_8
s37_9.wav,1,1.0,1,1,30,0,ad601ff4,s37_9
s37_10.wav,1,1.0,1,1,30,0,161a098e,s37_10
s38_1.wav,0,0.0,0,0,42,0,6816ff0a,s38_1
s38_2.wav,0,0.0,0,0,42,0,c4b0e378,s38_2
s38_3.wav,0,0.0,0,0,42,0,cc2ae77e,s38_3
s38_4.wav,0,0.0,0,0,42,0,4c3909da,s38_4
s38_5.wav,0,0.0,0,0,42,0,188ae6b6,s38_5
s38_6.wav,0,0.0,0,0,42,0,f90092d3,s38_6
s38_7.wav,0,0.0,0,0,42,0,5c2af7c6,s38_7
s38_8.wav,0,0.0,0,0,42,0,bef21744,s38_8
s38_9.wav,0,0.0,0,0,42,0,357b21aa,s38_9
s38_10.wav,0,0.0,0,0,42,0,6ff91d57,s38_10
s39_1.wav,0,1.0,0,0,25,0,fc408fa4,s39_1
s39_2.wav,0,1.0,0,0,25,0,a38b8120,s39_2
s39_3.wav,0,1.0,0,0,25,0,2ce73733,s39_3
s39_4.wav,0,1.0,0,0,25,0,22c28c86,s39_4
s39_5.wav,0,1.0,0,0,25,0,7038ef8c,s39_5
s39_6.wav,0,1.0,0,0,25,0,abbe94e6,s39_6
s39_7.wav,0,1.0,0,0,25,0,c0f16635,s39_7
s39_8.wav,0,1.0,0,0,25,0,b01bdf47,s39_8
s39_9.wav,0,1.0,0,0,25,0,e31592bd,s39_9
s39_10.wav,0,1.0,0,0,25,0,e36f4a5a,s39_10
s40_1.wav,0,1.0,1,0,25,0,d044fb45,s40_1
s40_2.wav,0,1.0,1,0,25,0,1a28f240,s40_2
s40_3.wav,0,1.0,1,0,25,0,25909a3c,s40_3
s40_4.wav,0,1.0,1,0,25,0,a70e48a0,s40_4
s40_5.wav,0,1.0,1,0,25,0,d2c171b1,s40_5
s40_6.wav,0,1.0,1,0,25,0,586e1782,s40_6
s40_7.wav,0,1.0,1,0,25,0,9765e145,s40_7
s40_8.wav,0,1.0,1,0,25,0,36612c80,s40_8
s40_9.wav,0,1.0,1,0,25,0,336b9437,s40_9
s41_1.wav,1,1.0,0,0,53,0,8b28f355,s41_1
s41_2.wav,1,1.0,0,0,53,0,4317b838,s41_2
s41_3.wav,1,1.0,0,0,53,0,375d9822,s41_3
s41_4.wav,1,1.0,0,0,53,0,3b309240,s41_4
s41_5.wav,1,1.0,0,0,53,0,2c61fd0e,s41_5
s41_6.wav,1,1.0,0,0,53,0,691a2a9e,s41_6
s41_7.wav,1,1.0,0,0,53,0,dca4be95,s41_7
s41_8.wav,1,1.0,0,0,53,0,1a01fae0,s41_8
s42_1.wav,1,1.0,0,0,66,0,19011e89,s42_1
s42_2.wav,1,1.0,0,0,66,0,b6eb9116,s42_2
s42_3.wav,1,1.0,0,0,66,0,50c0e08a,s42_3
s42_4.wav,1,1.0,0,0,66,0,dcde661a,s42_4
s42_5.wav,1,1.0,0,0,66,0,4c83d33e,s42_5
s42_6.wav,1,1.0,0,0,66,0,5e85c967,s42_6
s42_7.wav,1,1.0,0,0,66,0,2269610e,s42_7
s42_8.wav,1,1.0,0,0,66,0,c00ac906,s42_8
s42_9.wav,1,1.0,0,0,66,0,5a4192b3,s42_9
s42_10.wav,1,1.0,0,0,66,0,955d8c97,s42_10
s43_1.wav,0,0.0,0,0,8,0,95975417,s43_1
s43_2.wav,0,0.0,0,0,8,0,0f4d2512,s43_2
s43_3.wav,0,0.0,0,0,8,0,b206222f,s43_3
s43_4.wav,0,0.0,0,0,8,0,329da63b,s43_4
s43_5.wav,0,0.0,0,0,8,0,a0630063,s43_5
s43_6.wav,0,0.0,0,0,8,0,5bbb6309,s43_6
s44_1.wav,0,1.0,0,0,35,0,84d0873c,s44_1
s44_2.wav,0,1.0,0,0,35,0,9cd0b04b,s44_2
s44_3.wav,0,1.0,0,0,35,0,620380e1,s44_3
s44_4.wav,0,1.0,0,0,35,0,28771d87,s44_4
s44_5.wav,0,1.0,0,0,35,0,52779efe,s44_5
s45_1.wav,1,1.0,0,0,60,0,f0c20abf,s45_1
s45_2.wav,1,1.0,0,0,60,0,e0e2b4a3,s45_2
s45_3.wav,1,1.0,0,0,60,0,be7fb675,s45_3
s45_4.wav,1,1.0,0,0,60,0,0d21ba28,s45_4
s45_5.wav,1,1.0,0,0,60,0,eea9f5f5,s45_5
s45_6.wav,1,1.0,0,0,60,0,8560e80e,s45_6
s45_7.wav,1,1.0,0,0,60,0,12eb0bef,s45_7
s45_8.wav,1,1.0,0,0,60,0,ca19568c,s45_8
s45_9.wav,1,1.0,0,0,60,0,56aab4e4,s45_9
s45_10.wav,1,1.0,0,0,60,0,3a491e2b,s45_10
s46_1.wav,0,1.0,0,0,22,0,66ec0180,s46_1
s46_2.wav,0,1.0,0,0,22,0,1784714b,s46_2
s46_3.wav,0,1.0,0,0,22,0,eb1d2ec4,s46_3
s46_4.wav,0,1.0,0,0,22,0,52f1c17d,s46_4
s46_5.wav,0,1.0,0,0,22,0,723a6655,s46_5
s46_6.wav,0,1.0,0,0,22,0,35554fa7,s46_6
s46_7.wav,0,1.0,0,0,22,0,4bdd05b9,s46_7
s46_8.wav,0,1.0,0,0,22,0,0c2c0923,s46_8
s46_9.wav,0,1.0,0,0,22,0,c95ce936,s46_9
s46_10.wav,0,1.0,0,0,22,0,97c4c660,s46_10
s47_1.wav,0,0.0,0,0,16,0,8eeb68fa,s47_1
s47_2.wav,0,0.0,0,0,16,0,e799b244,s47_2
s47_3.wav,0,0.0,0,0,16,0,b022c276,s47_3
s47_4.wav,0,0.0,0,0,16,0,4bbee652,s47_4
s47_5.wav,0,0.0,0,0,16,0,b48aba73,s47_5
s47_6.wav,0,0.0,0,0,16,0,87942d80,s47_6
s47_7.wav,0,0.0,0,0,16,0,96c83313,s47_7
s47_8.wav,0,0.0,0,0,16,0,defa3d94,s47_8
s47_9.wav,0,0.0,0,0,16,0,89766c5e,s47_9
s47_10.wav,0,0.0,0,0,16,0,c369432e,s47_10
s48_1.wav,1,1.0,0,0,12,0,cc0bf040,s48_1
s48_2.wav,1,1.0,0,0,12,0,79af3ca0,s48_2
s48_3.wav,1,1.0,0,0,12,0,fa06beba,s48_3
s48_4.wav,1,1.0,0,0,12,0,c71ac753,s48_4
s48_5.wav,1,1.0,0,0,12,0,b94d7ded,s48_5
s48_6.wav,1,1.0,0,0,12,0,24f59595,s48_6
s48_7.wav,1,1.0,0,0,12,0,f1cc8378,s48_7
s48_8.wav,1,1.0,0,0,12,0,55e7b283,s48_8
s48_9.wav,1,1.0,0,0,12,0,dce37ce1,s48_9
s49_1.wav,0,0.0,0,0,57,0,681fe2ba,s49_1
s49_2.wav,0,0.0,0,0,57,0,cebe351e,s49_2
s49_3.wav,0,0.0,0,0,57,0,fa590062,s49_3
s49_4.wav,0,0.0,0,0,57,0,4c288922,s49_4
s49_5.wav,0,0.0,0,0,57,0,72d79ab5,s49_5
s49_6.wav,0,0.0,0,0,57,0,30bbf584,s49_6
s49_7.wav,0,0.0,0,0,57,0,bcaf4226,s49_7
s49_8.wav,0,0.0,0,0,57,0,6bb35adf,s49_8
s49_9.wav,0,0.0,0,0,57,0,99426ab6,s49_9
s50_1.wav,0,0.0,0,0,35,0,22b07cbd,s50_1
s50_2.wav,0,0.0,0,0,35,0,25c7801b,s50_2
s50_3.wav,0,1.0,0,0,35,0,bf04c397,s50_3
s50_4.wav,0,0.0,0,0,35,0,3e6ba3ed,s50_4
s50_5.wav,0,0.0,0,0,35,0,0cf9aa91,s50_5
s50_6.wav,0,0.0,0,0,35,0,0be9d5c2,s50_6
s50_7.wav,0,0.0,0,0,35,0,15c6abfe,s50_7
s50_8.wav,0,0.0,0,0,35,0,68e6cefa,s50_8
s50_9.wav,0,0.0,0,0,35,0,63f1f42b,s50_9
s50_10.wav,0,0.0,0,0,35,0,09a3dc66,s50_10
s51_1.wav,0,0.0,0,0,14,1,5f1f85c7,s51_1
s51_2.wav,0,0.0,0,0,14,1,f5287e22,s51_2
s51_3.wav,0,0.0,0,0,14,1,1d98ed18,s51_3
s51_4.wav,0,0.0,0,0,14,1,ad49027e,s51_4
s51_5.wav,0,0.0,0,0,14,1,90e3efdd,s51_5
s51_6.wav,0,0.0,0,0,14,1,8a6292c6,s51_6
s51_7.wav,0,0.0,0,0,14,1,42e47f12,s51_7
s51_8.wav,0,0.0,0,0,14,1,f6b9fb34,s51_8
s51_9.wav,0,0.0,0,0,14,1,ed2b76c2,s51_9
s52_1.wav,0,0.0,0,0,8,0,7292a7ed,s52_1
s52_2.wav,0,0.0,0,0,8,0,04aeaebc,s52_2
s52_3.wav,0,0.0,0,0,8,0,74f9140e,s52_3
s52_4.wav,0,0.0,0,0,8,0,29f81c08,s52_4
s52_5.wav,0,0.0,0,0,8,0,b8f70e00,s52_5
s52_6.wav,0,0.0,0,0,8,0,e385b161,s52_6
s52_7.wav,0,0.0,0,0,8,0,fb2fbccd,s52_7
s52_8.wav,0,0.0,0,0,8,0,802225ae,s52_8
s53_1.wav,0,1.0,0,0,25,1,6a5aa572,s53_1
s53_2.wav,0,1.0,0,0,25,1,91fd19a2,s53_2
s53_3.wav,0,1.0,0,0,25,1,a64bdfcd,s53_3
s53_4.wav,0,1.0,0,0,25,1,8a6ad61c,s53_4
s53_5.wav,0,1.0,0,0,25,1,23075d50,s53_5
s53_6.wav,0,1.0,0,0,25,1,c77ff357,s53_6
s53_7.wav,0,1.0,0,0,25,1,39bf7919,s53_7
s53_8.wav,0,1.0,0,0,25,1,65796674,s53_8
s53_9.wav,0,1.0,0,0,25,1,b79cd663,s53_9
s53_10.wav,0,0.0,0,0,25,1,24cdec06,s53_10
s54_1.wav,0,0.0,0,0,46,0,f4a55a5c,s54_1
s54_2.wav,0,0.0,0,0,46,0,74645aa8,s54_2
s54_3.wav,0,0.0,0,0,46,0,0b28d177,s54_3
s54_4.wav,0,0.0,0,0,46,0,0ca8144b,s54_4
s54_5.wav,0,0.0,0,0,46,0,54b3bac9,s54_5
s55_1.wav,1,1.0,1,1,41,0,ace48b08,s55_1
s55_2.wav,1,1.0,1,1,41,0,f16382da,s55_2
s55_3.wav,1,1.0,1,1,41,0,be38c22c,s55_3
s55_4.wav,1,1.0,1,1,41,0,95ba8a24,s55_4
s55_5.wav,1,1.0,1,1,41,0,c5f90f8c,s55_5
s55_6.wav,1,1.0,1,1,41,0,e30c5020,s55_6
s55_7.wav,1,1.0,1,1,41,0,1e9fb084,s55_7
s55_8.wav,1,1.0,1,1,41,0,4e7a7b36,s55_8
s55_9.wav,1,1.0,1,1,41,0,dd72333c,s55_9
s55_10.wav,1,1.0,1,1,41,0,819f937f,s55_10
s56_1.wav,1,1.0,0,0,51,0,bfbf2c3d,s56_1
s56_2.wav,1,1.0,0,0,51,0,20d8404a,s56_2
s56_3.wav,1,1.0,0,0,51,0,eb26be16,s56_3
s56_4.wav,1,1.0,0,0,51,0,2bc8ac84,s56_4
s56_5.wav,1,1.0,0,0,51,0,233745a1,s56_5
s56_6.wav,1,1.0,0,0,51,0,49b092d9,s56_6
s56_7.wav,1,1.0,0,0,51,0,abea9027,s56_7
s56_8.wav,1,1.0,0,0,51,0,37736c53,s56_8
s57_1.wav,1,1.0,1,1,45,0,d8dfb5fa,s57_1
s57_2.wav,1,1.0,1,1,45,0,1620943c,s57_2
s57_3.wav,1,1.0,1,1,45,0,eba0c449,s57_3
s57_4.wav,1,1.0,1,1,45,0,19203454,s57_4
s57_5.wav,1,1.0,1,1,45,0,8b2f195e,s57_5
s57_6.wav,1,1.0,1,1,45,0,93aa6277,s57_6
s57_7.wav,1,1.0,1,1,45,0,16d27a5b,s57_7
s58_1.wav,1,1.0,1,1,55,0,e960d7f6,s58_1
s58_2.wav,1,1.0,1,1,55,0,45fe30c9,s58_2
s58_3.wav,1,1.0,1,1,55,0,ac8d2cea,s58_3
s58_4.wav,1,1.0,1,1,55,0,81466e67,s58_4
s58_5.wav,1,1.0,1,1,55,0,7c9bbba8,s58_5
s58_6.wav,1,1.0,1,1,55,0,466ffbec,s58_6
s58_7.wav,1,1.0,1,1,55,0,163fa3d4,s58_7
s59_1.wav,0,1.0,0,0,14,0,164aeaf2,s59_1
s59_2.wav,0,1.0,0,0,14,0,c6e66939,s59_2
s59_3.wav,0,1.0,0,0,14,0,e91d27da,s59_3
s59_4.wav,0,1.0,0,0,14,0,f86edf3c,s59_4
s59_5.wav,0,1.0,0,0,14,0,a95a69dd,s59_5
s60_1.wav,0,1.0,0,0,12,0,ee97ac6d,s60_1
s60_2.wav,0,1.0,0,0,12,0,99181b9a,s60_2
s60_3.wav,0,1.0,0,0,12,0,56d0b4a1,s60_3
s60_4.wav,0,1.0,0,0,12,0,173b466d,s60_4
s60_5.wav,0,1.0,0,0,12,0,e250e98e,s60_5
s60_6.wav,0,1.0,0,0,12,0,08b7af89,s60_6
s60_7.wav,0,1.0,0,0,12,0,89eeb4fb,s60_7
s60_8.wav,0,1.0,0,0,12,0,303c279f,s60_8
s61_1.wav,1,0.0,0,0,51,0,fce34125,s61_1
s61_2.wav,1,0.0,0,0,51,0,4ffb58af,s61_2
s61_3.wav,1,0.0,0,0,51,0,b60b7d5b,s61_3
s61_4.wav,0,0.0,0,0,51,0,fec0c110,s61_4
s61_5.wav,0,0.0,0,0,51,0,215f618d,s61_5
s61_6.wav,0,0.0,0,0,51,0,110f69c6,s61_6
s61_7.wav,0,0.0,0,0,51,0,8affaaff,s61_7
s61_8.wav,0,0.0,0,0,51,0,99819217,s61_8
s61_9.wav,0,0.0,0,0,51,0,af5f3a50,s61_9
s61_10.wav,0,0.0,0,0,51,0,811115e3,s61_10
s62_1.wav,0,0.0,0,0,47,1,061a07a8,s62_1
s62_2.wav,0,0.0,0,0,47,1,48c11a6d,s62_2
s62_3.wav,0,0.0,0,0,47,1,163d9c10,s62_3
s62_4.wav,0,0.0,0,0,47,1,69faea93,s62_4
s62_5.wav,0,0.0,0,0,47,1,2a647943,s62_5
s62_6.wav,0,0.0,0,0,47,1,f9f95073,s62_6
s62_7.wav,0,0.0,0,0,47,1,a665b30b,s62_7
s62_8.wav,0,0.0,0,0,47,1,33fe539c,s62_8
s63_1.wav,1,1.0,1,1,30,0,470c5d04,s63_1
s63_2.wav,1,1.0,1,1,30,0,96166c14,s63_2
s63_3.wav,1,1.0,1,1,30,0,dae3f1f4,s63_3
s63_4.wav,1,1.0,1,1,30,0,03c076f4,s63_4
s63_5.wav,1,1.0,1,1,30,0,396d4967,s63_5
s63_6.wav,1,1.0,1,1,30,0,457bd338,s63_6
s63_7.wav,1,1.0,1,1,30,0,41223cd9,s63_7
s63_8.wav,1,1.0,1,1,30,0,65eb7814,s63_8
s63_9.wav,1,1.0,1,1,30,0,bb420c43,s63_9
s63_10.wav,1,1.0,1,1,30,0,38108918,s63_10
s64_1.wav,0,0.0,0,0,23,0,549700a1,s64_1
s64_2.wav,0,0.0,0,0,23,0,a941cb25,s64_2
s64_3.wav,0,0.0,0,0,23,0,4a8c138b,s64_3
s64_4.wav,0,0.0,0,0,23,0,3e9dd804,s64_4
s64_5.wav,0,0.0,0,0,23,0,666dc367,s64_5
s64_6.wav,0,0.0,0,0,23,0,b57ee055,s64_6
s64_7.wav,0,0.0,0,0,23,0,1cf11d3a,s64_7
s64_8.wav,0,0.0,0,0,23,0,6621cc8f,s64_8
s64_9.wav,0,0.0,0,0,23,0,2ff49033,s64_9
s64_10.wav,0,0.0,0,0,23,0,090bd3de,s64_10
s65_1.wav,1,1.0,1,1,27,0,f237076b,s65_1
s65_2.wav,1,1.0,1,1,27,0,f719f407,s65_2
s65_3.wav,1,1.0,1,1,27,0,89f2b9a9,s65_3
s65_4.wav,1,1.0,1,1,27,0,0483033a,s65_4
s65_5.wav,1,1.0,1,1,27,0,1152a8d3,s65_5
s65_6.wav,1,1.0,1,1,27,0,a1c90686,s65_6
s65_7.wav,1,1.0,1,1,27,0,0ab5296e,s65_7
s65_8.wav,1,1.0,1,1,27,0,4574b9ae,s65_8
s65_9.wav,1,1.0,1,1,27,0,99acd978,s65_9
s66_1.wav,1,1.0,1,1,27,0,de0d85d8,s66_1
s66_2.wav,1,1.0,1,1,27,0,42131e5e,s66_2
s66_3.wav,1,1.0,1,1,27,0,80c0ced5,s66_3
s66_4.wav,1,1.0,1,1,27,0,f5755261,s66_4
s66_5.wav,1,1.0,1,1,27,0,51ba3d7e,s66_5
s66_6.wav,1,1.0,1,1,27,0,cedb1aa7,s66_6
s66_7.wav,1,1.0,1,1,27,0,3528d55c,s66_7
s66_8.wav,1,1.0,1,1,27,0,39724948,s66_8
s66_9.wav,1,1.0,1,1,27,0,393860af,s66_9
s67_1.wav,1,1.0,0,0,11,1,449bd916,s67_1
s67_2.wav,1,1.0,0,0,11,1,f11d0b0e,s67_2
s67_3.wav,1,1.0,0,0,11,1,41ecfa83,s67_3
s67_4.wav,0,1.0,0,0,11,1,d112377b,s67_4
s67_5.wav,1,1.0,0,0,11,1,ce98e983,s67_5
s68_1.wav,1,1.0,0,0,53,1,847ca4bf,s68_1
s68_2.wav,1,1.0,0,0,53,1,71f190ad,s68_2
s68_3.wav,1,1.0,0,0,53,1,49f117c9,s68_3
s68_4.wav,1,1.0,0,0,53,1,9055ea93,s68_4
s68_5.wav,1,1.0,0,0,53,1,99702420,s68_5
s68_6.wav,1,1.0,0,0,53,1,5cb028ec,s68_6
s68_7.wav,1,1.0,0,0,53,1,8bc9b822,s68_7
s68_8.wav,1,1.0,0,0,53,1,127dfb57,s68_8
s68_9.wav,1,1.0,0,0,53,1,c17a9403,s68_9
s69_1.wav,1,1.0,1,1,43,0,255ac03e,s69_1
s69_2.wav,1,1.0,1,1,43,0,862d8ef5,s69_2
s69_3.wav,1,1.0,1,1,43,0,350ae01a,s69_3
s69_4.wav,1,1.0,1,1,43,0,0849303b,s69_4
s69_5.wav,1,1.0,1,1,43,0,20b5c7f1,s69_5
s69_6.wav,1,1.0,1,1,43,0,e92b8abb,s69_6
s69_7.wav,1,1.0,1,1,43,0,b6ddba16,s69_7
s69_8.wav,1,1.0,1,1,43,0,70cb2161,s69_8
s69_9.wav,1,1.0,1,1,43,0,2d47ce04,s69_9
s69_10.wav,1,1.0,1,1,43,0,31dbd260,s69_10
s70_1.wav,0,0.0,0,0,22,0,2c4426b4,s70_1
s70_2.wav,0,0.0,0,0,22,0,059a271f,s70_2
s70_3.wav,0,0.0,0,0,22,0,48fdc1bc,s70_3
s70_4.wav,0,0.0,0,0,22,0,68488a9d,s70_4
s70_5.wav,0,0.0,0,0,22,0,41bf85ad,s70_5
s70_6.wav,0,0.0,0,0,22,0,0a20df41,s70_6
s70_7.wav,0,0.0,0,0,22,0,101ad77e,s70_7
s70_8.wav,0,0.0,0,0,22,0,1ba76914,s70_8
s70_9.wav,0,0.0,0,0,22,0,864aa858,s70_9
s70_10.wav,0,0.0,0,0,22,0,0bf8ccb8,s70_10
s71_1.wav,1,1.0,1,1,40,0,5e307625,s71_1
s71_2.wav,1,1.0,1,1,40,0,2a35f34f,s71_2
s71_3.wav,1,1.0,1,1,40,0,08fb8957,s71_3
s71_4.wav,1,1.0,1,1,40,0,d3c4895e,s71_4
s71_5.wav,1,1.0,1,1,40,0,a834a547,s71_5
s71_6.wav,1,1.0,1,1,40,0,a22235d5,s71_6
s71_7.wav,1,1.0,1,1,40,0,63ed9c6e,s71_7
s71_8.wav,1,1.0,1,1,40,0,4d03ed88,s71_8
s71_9.wav,1,1.0,1,1,40,0,9e12d76f,s71_9
s71_10.wav,1,1.0,1,1,40,0,d1e6c45b,s71_10
s72_1.wav,0,1.0,0,0,10,0,07554ee3,s72_1
s72_2.wav,0,1.0,0,0,10,0,624493a9,s72_2
s72_3.wav,0,1.0,0,0,10,0,75fd24de,s72_3
s72_4.wav,0,1.0,0,0,10,0,601438d5,s72_4
s72_5.wav,0,1.0,0,0,10,0,bfd65030,s72_5
s72_6.wav,0,1.0,0,0,10,0,64f845b7,s72_6
s72_7.wav,0,1.0,0,0,10,0,91e7bd55,s72_7
s72_8.wav,0,1.0,0,0,10,0,85fdc90c,s72_8
s72_9.wav,0,1.0,0,0,10,0,0b36ae9e,s72_9
s72_10.wav,0,1.0,0,0,10,0,a5b90346,s72_10
s73_1.wav,1,1.0,0,0,11,0,04c4d67a,s73_1
s73_2.wav,1,1.0,0,0,11,0,b3eb6ebd,s73_2
s73_3.wav,0,1.0,0,0,11,0,d4cda467,s73_3
s73_4.wav,0,1.0,0,0,11,0,5f274540,s73_4
s73_5.wav,0,1.0,0,0,11,0,52e1cd83,s73_5
s73_6.wav,0,1.0,0,0,11,0,24273829,s73_6
s73_7.wav,0,1.0,0,0,11,0,d7f4aeee,s73_7
s73_8.wav,0,1.0,0,0,11,0,88250f10,s73_8
s73_9.wav,0,1.0,0,0,11,0,e3653efa,s73_9
s73_10.wav,1,1.0,0,0,11,0,7977fa42,s73_10
s74_1.wav,1,1.0,1,1,28,0,6930ebee,s74_1
s74_2.wav,1,1.0,1,1,28,0,cb7df155,s74_2
s74_3.wav,1,1.0,1,1,28,0,3c45edb8,s74_3
s74_4.wav,1,1.0,1,1,28,0,342eb3db,s74_4
s74_5.wav,1,1.0,1,1,28,0,23231972,s74_5
s74_6.wav,1,1.0,1,1,28,0,71778bfb,s74_6
s74_7.wav,1,1.0,1,1,28,0,f7d380c1,s74_7
s74_8.wav,1,1.0,1,1,28,0,681c1c27,s74_8
s74_9.wav,1,1.0,1,1,28,0,d148d646,s74_9
s75_1.wav,0,1.0,0,0,21,0,5d9394c5,s75_1
s75_2.wav,1,1.0,0,0,21,0,ec0f0f43,s75_2
s75_3.wav,1,1.0,0,0,21,0,127a45a2,s75_3
s75_4.wav,1,1.0,0,0,21,0,be5a34d1,s75_4
s75_5.wav,1,1.0,0,0,21,0,ffcafe76,s75_5
s75_6.wav,0,1.0,0,0,21,0,3237d55d,s75_6
s75_7.wav,0,1.0,0,0,21,0,ad8f5e1d,s75_7
s75_8.wav,0,1.0,0,0,21,0,ffb23067,s75_8
s75_9.wav,0,1.0,0,0,21,0,c6c6ad7b,s75_9
s75_10.wav,0,1.0,0,0,21,0,209545b1,s75_10
s76_1.wav,1,1.0,0,0,22,0,f852c34f,s76_1
s76_2.wav,1,1.0,0,0,22,0,8e57705a,s76_2
s76_3.wav,1,1.0,0,0,22,0,08c8e368,s76_3
s76_4.wav,1,1.0,0,0,22,0,e1bc925f,s76_4
s76_5.wav,1,1.0,0,0,22,0,db6476ac,s76_5
s76_6.wav,1,1.0,0,0,22,0,2543649c,s76_6
s76_7.wav,1,1.0,0,0,22,0,1b8032ec,s76_7
s76_8.wav,1,1.0,0,0,22,0,2d18995f,s76_8
s76_9.wav,1,1.0,0,0,22,0,3aba9f9c,s76_9
s76_10.wav,1,1.0,0,0,22,0,c37b84be,s76_10
s77_1.wav,0,0.0,0,0,8,0,a17c0248,s77_1
s77_2.wav,0,0.0,0,0,8,1,aaeb08e3,s77_2
s77_3.wav,0,0.0,0,0,8,1,8227c6ab,s77_3
s77_4.wav,0,0.0,0,0,8,1,5bd941ad,s77_4
s77_5.wav,0,0.0,0,0,8,1,3eb6fbd5,s77_5
s78_1.wav,1,1.0,1,1,53,0,8f9c313d,s78_1
s78_2.wav,1,1.0,1,1,53,0,71b16abb,s78_2
s78_3.wav,1,1.0,1,1,53,0,b8619f5e,s78_3
s78_4.wav,1,1.0,1,1,53,0,1b5675cf,s78_4
s78_5.wav,1,1.0,1,1,53,0,21b42da5,s78_5
s78_6.wav,1,1.0,1,1,53,0,613bfd21,s78_6
s78_7.wav,1,1.0,1,1,53,0,27b1d8d9,s78_7
s78_8.wav,1,1.0,1,1,53,0,44a00b6f,s78_8
s78_9.wav,1,1.0,1,1,53,0,aedc7e46,s78_9
s79_1.wav,1,1.0,1,1,50,0,1ee48cd6,s79_1
s79_2.wav,1,1.0,1,1,50,0,4b399e2a,s79_2
s79_3.wav,1,1.0,1,1,50,0,44c34d77,s79_3
s79_4.wav,1,1.0,1,1,50,0,5a7a5e5a,s79_4
s79_5.wav,1,1.0,1,1,50,0,cd364616,s79_5
s79_6.wav,1,1.0,1,1,50,0,61cafbea,s79_6
s79_7.wav,1,1.0,1,1,50,0,a6c02071,s79_7
s79_8.wav,1,1.0,1,1,50,0,ba944199,s79_8
s79_9.wav,1,1.0,1,1,50,0,62c98be1,s79_9
s80_1.wav,1,1.0,1,1,53,0,42e5b1a7,s80_1
s80_2.wav,1,1.0,1,1,53,0,4407aa3f,s80_2
s80_3.wav,1,1.0,1,1,53,0,76afefbe,s80_3
s80_4.wav,1,1.0,1,1,53,0,b2c20bc6,s80_4
s80_5.wav,1,1.0,1,1,53,0,4a64bc04,s80_5
s80_6.wav,1,1.0,1,1,53,0,9d66bbd2,s80_6
s80_7.wav,1,1.0,1,1,53,0,53823755,s80_7
s80_8.wav,1,1.0,1,1,53,0,8bf0d16c,s80_8
s80_9.wav,1,1.0,1,1,53,0,abdb3c3b,s80_9
s80_10.wav,1,1.0,1,1,53,0,a1408aa1,s80_10
s81_1.wav,0,0.0,0,0,5,0,140ba812,s81_1
s81_2.wav,0,0.0,0,0,5,0,d436ef91,s81_2
s81_3.wav,0,0.0,0,0,5,0,ff470ebe,s81_3
s81_4.wav,0,0.0,0,0,5,0,68a9b9e1,s81_4
s81_5.wav,0,0.0,0,0,5,0,94a34e95,s81_5
s82_1.wav,0,1.0,1,0,45,0,b9392916,s82_1
s82_2.wav,1,1.0,1,1,45,0,704c94a9,s82_2
s82_3.wav,1,1.0,1,1,45,0,1130b544,s82_3
s82_4.wav,1,1.0,1,1,45,0,f0d0b55e,s82_4
s82_5.wav,1,1.0,1,1,45,0,d36a27ea,s82_5
s82_6.wav,1,1.0,1,1,45,0,b7d752bc,s82_6
s82_7.wav,1,1.0,1,1,45,0,140b5f11,s82_7
s82_8.wav,1,1.0,1,1,45,0,b716bc31,s82_8
s82_9.wav,1,1.0,1,1,45,0,6fdae92c,s82_9
s83_1.wav,1,1.0,1,1,25,1,9e726a3f,s83_1
s83_2.wav,1,1.0,1,1,25,1,1598eb32,s83_2
s83_3.wav,1,1.0,1,1,25,1,da148bbc,s83_3
s83_4.wav,1,1.0,1,1,25,1,1ff4e981,s83_4
s83_5.wav,1,1.0,1,1,25,1,a1951596,s83_5
s83_6.wav,1,1.0,1,1,25,1,a0e17ff8,s83_6
s83_7.wav,1,1.0,1,1,25,1,48c28671,s83_7
s83_8.wav,1,1.0,1,1,25,1,4c3959b2,s83_8
s83_9.wav,1,1.0,1,1,25,1,c5be17db,s83_9
s83_10.wav,1,1.0,1,1,25,1,df608ce7,s83_10
s84_1.wav,1,1.0,1,1,33,0,9041d7c3,s84_1
s84_2.wav,1,1.0,1,1,33,0,8e02c950,s84_2
s84_3.wav,1,1.0,1,1,33,0,efaea5cf,s84_3
s84_4.wav,1,1.0,1,1,33,0,d380091c,s84_4
s84_5.wav,1,1.0,1,1,33,0,86c213b0,s84_5
s84_6.wav,1,1.0,1,1,33,0,c62a3fa4,s84_6
s84_7.wav,1,1.0,1,1,33,0,ef9ccefa,s84_7
s84_8.wav,1,1.0,1,1,33,0,caff6897,s84_8
s84_9.wav,1,1.0,1,1,33,0,eb271218,s84_9
s84_10.wav,1,1.0,1,1,33,0,05665dc4,s84_10
s85_1.wav,0,1.0,0,0,53,1,57a21d35,s85_1
s85_2.wav,0,1.0,0,0,53,1,3bec844d,s85_2
s85_3.wav,0,1.0,0,0,53,1,ee5bb495,s85_3
s85_4.wav,0,1.0,0,0,53,1,193e4b2c,s85_4
s85_5.wav,0,1.0,0,0,53,1,beb28852,s85_5
s85_6.wav,0,1.0,0,0,53,1,c17fe57b,s85_6
s85_7.wav,0,1.0,0,0,53,1,216d432b,s85_7
s85_8.wav,0,1.0,0,0,53,1,a507875e,s85_8
s85_9.wav,0,1.0,0,0,53,1,5fe3b98a,s85_9
s85_10.wav,0,1.0,0,0,53,1,a965d8ce,s85_10
s86_1.wav,0,0.0,0,0,40,0,50183645,s86_1
s86_2.wav,0,0.0,0,0,40,0,3ba37124,s86_2
s86_3.wav,0,0.0,0,0,40,0,753b5849,s86_3
s86_4.wav,0,0.0,0,0,40,0,8afc068d,s86_4
s86_5.wav,0,0.0,0,0,40,0,031b27f0,s86_5
s86_6.wav,0,0.0,0,0,40,0,8ba1e56f,s86_6
s86_7.wav,0,0.0,0,0,40,0,43c51e05,s86_7
s86_8.wav,0,0.0,0,0,40,0,3b1fc8dd,s86_8
s86_9.wav,0,0.0,0,0,40,0,12810fb2,s86_9
s86_10.wav,0,0.0,0,0,40,0,cb7bd2ab,s86_10
s87_1.wav,1,1.0,0,0,45,0,aae698bd,s87_1
s87_2.wav,1,1.0,0,0,45,0,082a23f9,s87_2
s87_3.wav,1,1.0,0,0,45,0,3be7ebf1,s87_3
s87_4.wav,1,1.0,0,0,45,0,484bffb0,s87_4
s87_5.wav,1,1.0,0,0,45,0,4eac9f58,s87_5
s87_6.wav,1,1.0,0,0,45,0,b592ff74,s87_6
s88_1.wav,0,0.0,0,0,30,0,5d9e908f,s88_1
s88_2.wav,0,0.0,0,0,30,0,2f9d9c66,s88_2
s88_3.wav,0,0.0,0,0,30,0,ccd69312,s88_3
s88_4.wav,0,0.0,0,0,30,0,5b3e6d9c,s88_4
s88_5.wav,0,0.0,0,0,30,0,468528b1,s88_5
s88_6.wav,0,0.0,0,0,30,0,be19f6af,s88_6
s88_7.wav,0,0.0,0,0,30,0,fc028147,s88_7
s88_8.wav,0,0.0,0,0,30,0,99cfe03b,s88_8
s88_9.wav,0,0.0,0,0,30,0,812c59ec,s88_9
s88_10.wav,0,0.0,0,0,30,0,731315b3,s88_10
s89_1.wav,1,1.0,1,1,62,1,23df23e4,s89_1
s89_2.wav,1,1.0,1,1,62,1,e6ba41df,s89_2
s89_3.wav,1,1.0,1,1,62,1,070d67c1,s89_3
s89_4.wav,1,1.0,1,1,62,1,ee4f6c86,s89_4
s89_5.wav,1,1.0,1,1,62,1,8874893a,s89_5
s89_6.wav,1,1.0,1,1,62,1,6a5fb951,s89_6
s89_7.wav,1,1.0,1,1,62,1,d18495a4,s89_7
s89_8.wav,1,1.0,1,1,62,1,21a8e8bc,s89_8
s89_9.wav,1,1.0,1,1,62,1,7ba2d276,s89_9
s90_1.wav,1,1.0,1,1,40,0,7aa01ace,s90_1
s90_2.wav,1,1.0,1,1,40,0,c1b4d0ac,s90_2
s90_3.wav,1,1.0,1,1,40,0,6dd1f92e,s90_3
s90_4.wav,1,1.0,1,1,40,0,7ca5da37,s90_4
s90_5.wav,1,1.0,1,1,40,0,9eb1ae3e,s90_5
s90_6.wav,0,1.0,1,1,40,0,781cd588,s90_6
s90_7.wav,0,1.0,1,1,40,0,592537f8,s90_7
s90_8.wav,1,1.0,1,1,40,0,9e5d08da,s90_8
s90_9.wav,1,1.0,1,1,40,0,c0d51a7d,s90_9
s90_10.wav,1,1.0,1,1,40,0,72663dcc,s90_10
s91_1.wav,1,1.0,0,0,41,0,fffe3a85,s91_1
s91_2.wav,0,1.0,0,0,41,0,873e3ca6,s91_2
s91_3.wav,1,1.0,0,0,41,0,3f7ddc7b,s91_3
s91_4.wav,1,1.0,0,0,41,0,531fb970,s91_4
s91_5.wav,1,1.0,0,0,41,0,900bf301,s91_5
s91_6.wav,1,1.0,0,0,41,0,67f2d780,s91_6
s91_7.wav,1,1.0,0,0,41,0,9b472473,s91_7
s91_8.wav,1,1.0,0,0,41,0,7f754950,s91_8
s91_9.wav,1,1.0,0,0,41,0,9d722587,s91_9
s92_1.wav,1,1.0,1,1,51,1,498d301e,s92_1
s92_2.wav,1,1.0,1,1,51,1,3b23d9a0,s92_2
s92_3.wav,1,1.0,1,1,51,1,2847721f,s92_3
s92_4.wav,1,1.0,1,1,51,1,062bf489,s92_4
s92_5.wav,1,1.0,1,1,51,1,ef165ea1,s92_5
s92_6.wav,1,1.0,1,1,51,1,e64c9672,s92_6
s92_7.wav,1,1.0,1,1,51,1,07e242a7,s92_7
s92_8.wav,1,1.0,1,1,51,1,b3aacf63,s92_8
s92_9.wav,1,1.0,1,1,51,1,fe6d62ec,s92_9
s92_10.wav,1,1.0,1,1,51,1,446f0cc0,s92_10
s93_1.wav,1,1.0,1,1,20,0,ab8429c6,s93_1
s93_2.wav,1,1.0,1,1,20,0,2a2b12ec,s93_2
s93_3.wav,1,1.0,1,1,20,0,01d5112b,s93_3
s93_4.wav,1,1.0,1,1,20,0,d24dc6e4,s93_4
s93_5.wav,1,1.0,1,1,20,0,fbd7a8fd,s93_5
s93_6.wav,1,1.0,1,1,20,0,e7a60f7c,s93_6
s93_7.wav,1,1.0,1,1,20,0,f36435eb,s93_7
s93_8.wav,1,1.0,1,1,20,0,c0d4482e,s93_8
s93_9.wav,1,1.0,1,1,20,0,805473e1,s93_9
s94_1.wav,1,1.0,1,1,23,0,a0f05568,s94_1
s94_2.wav,1,1.0,1,1,23,0,8bcac2a2,s94_2
s94_3.wav,1,1.0,1,1,23,0,766796ff,s94_3
s94_4.wav,1,1.0,1,1,23,0,01a25895,s94_4
s94_5.wav,1,1.0,1,1,23,0,a817e772,s94_5
s94_6.wav,1,1.0,1,1,23,0,6bb0a33d,s94_6
s94_7.wav,1,1.0,1,1,23,0,24808599,s94_7
s94_8.wav,1,1.0,1,1,23,0,fc351ee4,s94_8
s94_9.wav,1,1.0,1,1,23,0,d9305cac,s94_9
s94_10.wav,1,1.0,1,1,23,0,253e6d86,s94_10
s95_1.wav,0,1.0,1,0,27,0,9c891b6b,s95_1
s95_2.wav,0,1.0,1,0,27,0,859d0460,s95_2
s95_3.wav,0,1.0,1,0,27,0,e7438b3c,s95_3
s95_4.wav,0,1.0,1,0,27,0,7facef74,s95_4
s95_5.wav,0,1.0,1,0,27,0,ed56b3f5,s95_5
s95_6.wav,0,1.0,1,0,27,0,b7a66365,s95_6
s95_7.wav,0,1.0,1,0,27,0,8edb457e,s95_7
s95_8.wav,0,1.0,1,0,27,0,9d664a4d,s95_8
s95_9.wav,0,1.0,1,0,27,0,3326fe71,s95_9
s95_10.wav,0,1.0,1,0,27,0,eda1e2b8,s95_10
s96_1.wav,1,1.0,1,1,40,0,d43c2742,s96_1
s96_2.wav,1,1.0,1,1,40,0,a6442735,s96_2
s96_3.wav,1,1.0,1,1,40,0,0f9266dd,s96_3
s96_4.wav,1,1.0,1,1,40,0,015adbc2,s96_4
s96_5.wav,1,1.0,1,1,40,0,64e2742a,s96_5
s96_6.wav,0,1.0,1,0,40,0,64b6c48c,s96_6
s96_7.wav,1,1.0,1,1,40,0,cd0b27a1,s96_7
s96_8.wav,0,1.0,1,0,40,0,e6b24344,s96_8
s96_9.wav,0,1.0,1,0,40,0,1da12f80,s96_9
s96_10.wav,0,1.0,1,0,40,0,96de4fb0,s96_10
s97_1.wav,1,1.0,1,1,62,1,9061b0e6,s97_1
s97_2.wav,1,1.0,1,1,62,1,7bff94fc,s97_2
s97_3.wav,1,1.0,1,1,62,1,f696f31d,s97_3
s97_4.wav,1,1.0,1,1,62,1,fab236ff,s97_4
s97_5.wav,1,1.0,1,1,62,1,b2c1c10b,s97_5
s97_6.wav,1,1.0,1,1,62,1,108a8d35,s97_6
s97_7.wav,1,1.0,1,1,62,1,ce67772a,s97_7
s97_8.wav,1,1.0,1,1,62,1,3e7ddd63,s97_8
s97_9.wav,1,1.0,1,1,62,1,c812391c,s97_9
s97_10.wav,1,1.0,1,1,62,1,3b9346d9,s97_10
s98_1.wav,0,0.0,0,0,13,1,7da08a35,s98_1
s98_2.wav,0,0.0,0,0,13,1,10ab4ab9,s98_2
s98_3.wav,0,0.0,0,0,13,1,a850ccc5,s98_3
s98_4.wav,0,0.0,0,0,13,1,7ac4b5f3,s98_4
s98_5.wav,0,0.0,0,0,13,1,5693fb3a,s98_5
s98_6.wav,0,0.0,0,0,13,1,e1d4fe5c,s98_6
s98_7.wav,0,0.0,0,0,13,1,8af50b94,s98_7
s98_8.wav,0,0.0,0,0,13,1,14305f55,s98_8
s98_9.wav,0,0.0,0,0,13,1,a317f98d,s98_9
s98_10.wav,0,0.0,0,0,13,1,248b901e,s98_10
s99_1.wav,1,1.0,1,1,52,0,bdffdf79,s99_1
s99_2.wav,1,1.0,1,1,52,0,27d6e33e,s99_2
s99_3.wav,1,1.0,1,1,52,0,2a3ea494,s99_3
s99_4.wav,1,1.0,1,1,52,0,2bdbdaae,s99_4
s99_5.wav,1,1.0,1,1,52,0,2ae651ca,s99_5
s99_6.wav,1,1.0,1,1,52,0,71bef8e1,s99_6
s99_7.wav,1,1.0,1,1,52,0,ef5dd83f,s99_7
s99_8.wav,1,1.0,1,1,52,0,078074b6,s99_8
s99_9.wav,1,1.0,1,1,52,0,96c51fec,s99_9
s99_10.wav,1,1.0,1,1,52,0,54bee16d,s99_10
s100_1.wav,0,1.0,1,0,43,0,2ee60a0c,s100_1
s100_2.wav,0,1.0,1,0,43,0,e7e97d4e,s100_2
s100_3.wav,0,1.0,1,0,43,0,8aafebec,s100_3
s100_4.wav,0,1.0,1,0,43,0,d698a35f,s100_4
s100_5.wav,1,1.0,1,0,43,0,c5f8bef2,s100_5
s100_6.wav,1,1.0,1,1,53,0,5ca8c881,s100_6
s100_7.wav,1,1.0,1,1,53,0,0529e248,s100_7
s100_8.wav,1,1.0,1,1,53,0,8bc7d0c0,s100_8
s100_9.wav,1,1.0,1,1,53,0,7c1378f6,s100_9
s100_10.wav,0,1.0,1,0,53,0,9eac4ab2,s100_10
s101_1.wav,0,0.0,0,0,22,0,1be2b177,s101_1
s101_2.wav,0,0.0,0,0,22,0,d7c4f020,s101_2
s101_3.wav,0,0.0,0,0,22,0,8d9b3a47,s101_3
s101_4.wav,0,0.0,0,0,22,0,afecb4fc,s101_4
s101_5.wav,0,0.0,0,0,22,0,3eb0a8f1,s101_5
s101_6.wav,0,0.0,0,0,22,0,8b298484,s101_6
s101_7.wav,0,0.0,0,0,22,0,28cbf7ae,s101_7
s101_8.wav,0,0.0,0,0,22,0,ff433291,s101_8
s101_9.wav,0,0.0,0,0,22,0,e644320a,s101_9
s102_1.wav,0,1.0,0,0,21,0,7245b2be,s102_1
s102_2.wav,0,1.0,0,0,21,0,9f61e6b0,s102_2
s102_3.wav,0,1.0,0,0,21,0,c218df76,s102_3
s102_4.wav,0,1.0,0,0,21,0,45bad107,s102_4
s102_5.wav,0,1.0,0,0,21,0,7bf1dcba,s102_5
s102_6.wav,0,1.0,0,0,21,0,9e103eb2,s102_6
s102_7.wav,0,1.0,0,0,21,0,22507f9a,s102_7
s102_8.wav,0,1.0,0,0,21,0,d49e00e7,s102_8
s102_9.wav,1,1.0,0,0,21,0,189f9553,s102_9
s102_10.wav,0,1.0,0,0,21,0,8dcc7f76,s102_10
s103_1.wav,1,1.0,1,1,38,0,235c2053,s103_1
s103_2.wav,1,1.0,1,1,38,0,7879f0b2,s103_2
s103_3.wav,1,1.0,1,1,38,0,2c33f7df,s103_3
s103_4.wav,1,1.0,1,1,38,0,05275f1e,s103_4
s103_5.wav,1,1.0,1,1,38,0,3fba587b,s103_5
s103_6.wav,1,1.0,1,1,38,0,8ddd0dde,s103_6
s103_7.wav,1,1.0,1,1,38,0,7cddc2ee,s103_7
s103_8.wav,1,1.0,1,1,38,0,4a558655,s103_8
s103_9.wav,1,1.0,1,1,38,0,1b2d24e8,s103_9
s103_10.wav,1,1.0,1,1,38,0,55e34760,s103_10
s104_1.wav,1,1.0,1,1,40,0,f688e06b,s104_1
s104_2.wav,1,1.0,1,1,40,0,911a2b79,s104_2
s104_3.wav,1,1.0,1,1,40,0,e7933b89,s104_3
s104_4.wav,1,1.0,1,1,40,0,e2d32b04,s104_4
s104_5.wav,1,1.0,1,1,40,0,9b3bc445,s104_5
s104_6.wav,1,1.0,1,1,40,0,a747d731,s104_6
s104_7.wav,1,1.0,1,1,40,0,13646e4d,s104_7
s104_8.wav,1,1.0,1,1,40,0,a80323bf,s104_8
s104_9.wav,1,1.0,1,1,40,0,c5e511f3,s104_9
s104_10.wav,1,1.0,1,1,40,0,00e6e516,s104_10
s105_1.wav,1,1.0,1,1,51,0,ea296130,s105_1
s105_2.wav,1,1.0,1,1,51,0,b1da6c7e,s105_2
s105_3.wav,1,1.0,1,1,51,0,d9e53292,s105_3
s105_4.wav,1,1.0,1,1,51,0,a0896ea3,s105_4
s105_5.wav,1,1.0,1,1,51,0,07643706,s105_5
s105_6.wav,1,1.0,1,1,51,0,a1fbfe9b,s105_6
s105_7.wav,1,1.0,1,1,51,0,4b33006c,s105_7
s105_8.wav,1,1.0,1,1,51,0,e16cd707,s105_8
s105_9.wav,1,1.0,1,1,51,0,a025479a,s105_9
s105_10.wav,0,1.0,1,0,51,0,a0948bfe,s105_10
s106_1.wav,0,1.0,0,0,40,0,e7401662,s106_1
s106_2.wav,0,1.0,0,0,40,0,1c0b81b0,s106_2
s106_3.wav,0,1.0,0,0,40,0,0230d8ae,s106_3
s106_4.wav,0,1.0,0,0,40,0,35828cab,s106_4
s106_5.wav,0,1.0,0,0,40,0,614cd039,s106_5
s106_6.wav,0,1.0,0,0,40,0,b410cfb5,s106_6
s106_7.wav,0,1.0,0,0,40,0,89e02b54,s106_7
s106_8.wav,0,1.0,0,0,40,0,5805c340,s106_8
s106_9.wav,0,1.0,0,0,40,0,b66a926b,s106_9
s106_10.wav,0,1.0,0,0,40,0,ab8bd8d3,s106_10
s107_1.wav,0,1.0,1,0,26,0,f930391d,s107_1
s107_2.wav,0,1.0,1,0,26,0,11daf56e,s107_2
s107_3.wav,0,1.0,1,0,26,0,dc1d8b18,s107_3
s107_4.wav,0,1.0,1,0,26,0,300fa2db,s107_4
s107_5.wav,0,1.0,1,0,26,0,56ed7945,s107_5
s107_6.wav,0,1.0,1,0,26,0,d9ea1272,s107_6
s107_7.wav,0,1.0,1,0,26,0,74e37682,s107_7
s107_8.wav,0,1.0,1,0,26,0,06ce72f0,s107_8
s107_9.wav,0,1.0,1,0,26,0,b7776071,s107_9
s107_10.wav,0,1.0,1,0,26,0,5c041895,s107_10
s108_1.wav,1,1.0,1,1,24,0,f290ffee,s108_1
s108_2.wav,1,1.0,1,1,24,0,518faa36,s108_2
s108_3.wav,1,1.0,1,1,24,0,e9ae5e01,s108_3
s108_4.wav,1,1.0,1,1,24,0,48565522,s108_4
s108_5.wav,1,1.0,1,1,24,0,6e10cdfc,s108_5
s108_6.wav,1,1.0,1,1,24,0,a64e2b5e,s108_6
s108_7.wav,1,1.0,1,1,24,0,7c83c97f,s108_7
s108_8.wav,1,1.0,1,1,24,0,13f24f8e,s108_8
s108_9.wav,1,1.0,1,1,24,0,13d563a0,s108_9
s108_10.wav,1,1.0,1,1,24,0,13fd94d2,s108_10
s109_1.wav,0,1,1,0,57,1,8a374bf1,s109_1
s109_2.wav,0,1,1,0,57,1,423b857c,s109_2
s109_3.wav,1,1,1,1,57,1,bd89b3aa,s109_3
s109_4.wav,0,1,1,0,57,1,59684ed0,s109_4
s109_5.wav,0,1,1,0,57,1,2132f236,s109_5
s109_6.wav,0,1,1,0,57,1,2fe56590,s109_6
s109_7.wav,0,1,1,0,57,1,82b49f02,s109_7
s109_8.wav,0,1,1,0,57,1,875e2341,s109_8
s109_9.wav,0,1,1,0,57,1,068450e8,s109_9
s110_1.wav,0,1,1,0,27,1,aa4e630d,s110_1
s110_2.wav,1,1,1,1,27,1,074ed94f,s110_2
s110_3.wav,1,1,1,1,27,1,3b3ced67,s110_3
s110_4.wav,1,1,1,1,27,1,158d9d2f,s110_4
s110_5.wav,1,1,1,1,27,1,3e4838a9,s110_5
s110_6.wav,1,1,1,1,27,1,5142f426,s110_6
s110_7.wav,1,1,1,1,27,1,6012263e,s110_7
s110_8.wav,1,1,1,1,27,1,a0818faa,s110_8
s110_9.wav,1,1,1,1,27,1,7dde4820,s110_9
s110_10.wav,1,1,1,1,27,1,1fc271c4,s110_10
s111_1.wav,0,1,1,0,23,1,a9d84356,s111_1
s111_2.wav,0,1,0,0,23,1,5090336a,s111_2
s111_3.wav,0,1,1,0,23,1,c231b277,s111_3
s111_4.wav,0,1,0,0,23,1,0b030bd7,s111_4
s111_5.wav,0,1,1,0,23,1,b29dcefb,s111_5
s111_6.wav,0,1,1,0,23,1,d9dca2ba,s111_6
s111_7.wav,0,1,1,0,23,1,6a362423,s111_7
s111_8.wav,0,1,1,0,23,1,e34be16f,s111_8
s111_9.wav,0,1,1,0,23,1,873e3bb6,s111_9
s111_10.wav,0,1,1,0,23,1,189f23fc,s111_10
s112_1.wav,0,1,0,0,25,1,0bc02b5c,s112_1
s112_2.wav,0,1,0,0,25,1,f6abde29,s112_2
s112_3.wav,0,1,0,0,25,1,a52a7c1c,s112_3
s112_4.wav,0,1,0,0,25,1,3cd6edf4,s112_4
s112_5.wav,0,1,0,0,25,1,b29c51ac,s112_5
s112_6.wav,0,1,0,0,25,1,1cf76bf3,s112_6
s112_7.wav,0,1,0,0,25,1,d4f42912,s112_7
s112_8.wav,0,1,0,0,25,1,bbebddc4,s112_8
s113_1.wav,0,1,0,0,25,1,f4cb062f,s113_1
s113_2.wav,0,0,0,0,25,1,7d15cbf1,s113_2
s113_3.wav,0,0,0,0,25,1,2653114c,s113_3
s113_4.wav,0,0,0,0,25,1,e2de680a,s113_4
s113_5.wav,0,0,0,0,25,1,af674a3e,s113_5
s113_6.wav,0,0,0,0,25,1,d6fed245,s113_6
s113_7.wav,0,0,0,0,25,1,8b6df2aa,s113_7
s113_8.wav,0,0,0,0,25,1,f857c8f9,s113_8
s113_9.wav,0,0,0,0,25,1,5bf661ab,s113_9
s114_1.wav,0,1,0,0,30,0,9f39c5c0,s114_1
s114_2.wav,0,1,0,0,30,0,b6778b1e,s114_2
s114_3.wav,0,1,0,0,30,0,04163fc3,s114_3
s114_4.wav,0,1,0,0,30,0,d591d76c,s114_4
s114_5.wav,0,1,0,0,30,0,01fe0db7,s114_5
s114_6.wav,0,1,0,0,30,0,d2c7345d,s114_6
s114_7.wav,0,1,0,0,30,0,108960e3,s114_7
s114_8.wav,0,1,0,0,30,0,34e4e626,s114_8
s114_9.wav,0,1,0,0,30,0,b1dc08ec,s114_9
s114_10.wav,0,1,0,0,30,0,e2425ecb,s114_10
s115_1.wav,0,0,0,0,31,0,fbf34d16,s115_1
s115_2.wav,0,1,1,0,31,0,8959f541,s115_2
s115_3.wav,0,1,1,0,31,0,202690ee,s115_3
s115_4.wav,0,1,1,0,31,0,67b3f048,s115_4
s115_5.wav,0,1,1,0,31,0,c9a84cb7,s115_5
s115_6.wav,0,1,1,0,31,0,0f9af592,s115_6
s115_7.wav,0,1,1,0,31,0,73cf5e4b,s115_7
s115_8.wav,0,1,1,0,31,0,ddfb4123,s115_8
s115_9.wav,0,1,1,0,31,0,0466bb7d,s115_9
s115_10.wav,0,1,1,0,31,0,fa296e26,s115_10
s116_1.wav,0,0,0,0,17,1,37e6c346,s116_1
s116_2.wav,0,0,0,0,17,1,735dcbad,s116_2
s116_3.wav,0,0,0,0,17,1,a0a26507,s116_3
s116_4.wav,0,0,0,0,17,1,50c6e628,s116_4
s116_5.wav,0,0,0,0,17,1,700d2915,s116_5
s116_6.wav,0,0,0,0,17,1,8a995842,s116_6
s116_7.wav,0,0,0,0,17,1,95279ecc,s116_7
s116_8.wav,0,0,0,0,17,1,1f138ef7,s116_8
s116_9.wav,0,0,0,0,17,1,7c20bfbe,s116_9
s116_10.wav,0,0,0,0,17,1,0fd55bf4,s116_10
s117_1.wav,0,1,0,0,24,1,2c97ccec,s117_1
s117_2.wav,0,1,0,0,24,1,1a9c4f94,s117_2
s117_3.wav,0,1,0,0,24,1,408419f3,s117_3
s117_4.wav,0,1,0,0,24,1,ddc1d347,s117_4
s117_5.wav,0,1,0,0,24,1,0013dae3,s117_5
s117_6.wav,0,1,0,0,24,1,3480d2a3,s117_6
s117_7.wav,0,1,0,0,24,1,85f81a56,s117_7
s117_8.wav,0,1,0,0,24,1,8ab1ffde,s117_8
s117_9.wav,0,1,0,0,24,1,dcd84849,s117_9
s117_10.wav,0,1,0,0,24,1,26e0af72,s117_10
s118_1.wav,0,1,0,0,14,0,a46ccaa7,s118_1
s118_2.wav,0,1,0,0,14,0,8c563e57,s118_2
s118_3.wav,0,1,0,0,14,0,4834d143,s118_3
s118_4.wav,0,1,0,0,14,0,934609f4,s118_4
s118_5.wav,0,1,0,0,14,0,c5cdd222,s118_5
s118_6.wav,0,1,0,0,14,0,a6e0be15,s118_6
s118_7.wav,0,1,0,0,14,0,61cbea99,s118_7
s118_8.wav,0,1,0,0,14,0,f7e3b4f3,s118_8
s119_1.wav,0,0,0,0,10,0,8b188067,s119_1
s119_2.wav,0,0,0,0,10,0,314b7874,s119_2
s119_3.wav,0,0,0,0,10,0,91bd23f8,s119_3
s119_4.wav,0,0,0,0,10,0,db0ce3d7,s119_4
s119_5.wav,0,0,0,0,10,0,aff1b4ff,s119_5
s119_6.wav,0,0,0,0,10,0,db308636,s119_6
s119_7.wav,0,0,0,0,10,0,f7b13ce4,s119_7
s119_8.wav,0,0,0,0,10,0,942d54b6,s119_8
s119_9.wav,0,0,0,0,10,0,2b3408da,s119_9
s119_10.wav,0,0,0,0,10,0,cf07e6fd,s119_10
s120_1.wav,1,1,1,1,60,0,d82406e1,s120_1
s120_2.wav,1,1,1,1,60,0,369bf704,s120_2
s120_3.wav,1,1,1,1,60,0,989cd161,s120_3
s120_4.wav,1,1,1,1,60,0,196d7fad,s120_4
s120_5.wav,1,1,1,1,60,0,b22be4fe,s120_5
s120_6.wav,1,1,1,1,60,0,352e6f3d,s120_6
s120_7.wav,1,1,1,1,60,0,89f08322,s120_7
s120_8.wav,1,1,1,1,60,0,af220a7e,s120_8
s120_9.wav,1,1,1,1,60,0,9eb9679e,s120_9
s120_10.wav,1,1,1,1,60,0,ce3dbff4,s120_10
s121_1.wav,0,0,0,0,30,0,2a98cdd1,s121_1
s121_2.wav,0,0,0,0,30,0,22e73a83,s121_2
s121_3.wav,0,0,0,0,30,0,7dacda8a,s121_3
s121_4.wav,0,0,0,0,30,0,3585858d,s121_4
s121_5.wav,0,0,0,0,30,0,7ea360b4,s121_5
s121_6.wav,0,0,0,0,30,0,3507101c,s121_6
s121_7.wav,0,0,0,0,30,0,5c311296,s121_7
s121_8.wav,0,0,0,0,30,0,0f4f3831,s121_8
s121_9.wav,0,0,0,0,30,0,33a36abf,s121_9
s121_10.wav,0,0,0,0,30,0,6a22d5b8,s121_10
s122_1.wav,0,0,0,0,47,0,a6e05f6c,s122_1
s122_2.wav,0,0,0,0,47,0,e382627d,s122_2
s122_3.wav,0,0,0,0,47,0,fc4be4fc,s122_3
s122_4.wav,0,0,0,0,47,0,08e9f4c0,s122_4
s122_5.wav,0,0,0,0,47,0,2026b959,s122_5
s122_6.wav,0,0,0,0,47,0,563c47ab,s122_6
s122_7.wav,0,0,0,0,47,0,dcb102d1,s122_7
s122_8.wav,0,0,0,0,47,0,1564d626,s122_8
s122_9.wav,0,0,0,0,47,0,27239044,s122_9
s122_10.wav,0,0,0,0,47,0,249f4ecb,s122_10
s123_1.wav,1,1,1,1,50,0,4152329e,s123_1
s123_2.wav,1,1,1,1,50,0,43f5ee05,s123_2
s123_3.wav,1,1,1,1,50,0,976602ff,s123_3
s123_4.wav,1,1,1,1,50,0,aeaf6575,s123_4
s123_5.wav,1,1,1,1,50,0,19f4e742,s123_5
s123_6.wav,1,1,1,1,50,0,2cfd47c9,s123_6
s123_7.wav,1,1,1,1,50,0,b7914fa7,s123_7
s123_8.wav,1,1,1,1,50,0,484779e8,s123_8
s123_9.wav,1,1,1,1,50,0,879e5ba9,s123_9
s123_10.wav,0,1,1,1,50,0,9547aef1,s123_10
s124_1.wav,0,0,0,0,58,0,a7c97e34,s124_1
s124_2.wav,0,1,0,0,58,0,73f2fa64,s124_2
s124_3.wav,0,1,0,0,58,0,4e93ac46,s124_3
s124_4.wav,0,1,0,0,58,0,1a618604,s124_4
s124_5.wav,0,1,0,0,58,0,80b3dfa0,s124_5
s124_6.wav,0,1,0,0,58,0,e2eafff0,s124_6
s124_7.wav,0,1,0,0,58,0,ceb2759e,s124_7
s124_8.wav,0,1,0,0,58,0,b9185e75,s124_8
s124_9.wav,0,1,0,0,58,0,0b4be2ed,s124_9
s124_10.wav,0,1,0,0,58,0,d87606ae,s124_10
s125_1.wav,1,1,1,1,43,0,bc0d92a1,s125_1
s125_2.wav,1,1,1,1,43,0,a7ff8bad,s125_2
s125_3.wav,1,1,1,1,43,0,0a7eb5d7,s125_3
s125_4.wav,1,1,1,1,43,0,6e1518d1,s125_4
s125_5.wav,1,1,1,1,43,0,0a0dba75,s125_5
s125_6.wav,1,1,1,1,43,0,60e610f3,s125_6
s125_7.wav,1,1,1,1,43,0,d895b3b1,s125_7
s125_8.wav,1,1,1,1,43,0,8c94c5bd,s125_8
s125_9.wav,1,1,1,1,43,0,857a64e7,s125_9
s125_10.wav,1,1,1,1,43,0,fbcb4f57,s125_10
s126_1.wav,1,1,1,1,34,0,975c0d9e,s126_1
s126_2.wav,1,1,1,1,43,0,47b481fd,s126_2
s126_3.wav,1,1,1,1,43,0,39d88736,s126_3
s126_4.wav,1,1,1,1,43,0,928d518d,s126_4
s126_5.wav,1,1,1,1,43,0,1673d0d6,s126_5
s126_6.wav,1,1,1,1,43,0,c21ae06d,s126_6
s126_7.wav,1,1,1,1,43,0,8188c4ec,s126_7
s126_8.wav,1,1,1,1,43,0,613a2a0e,s126_8
s126_9.wav,1,1,1,1,43,0,c359f50f,s126_9
s126_10.wav,1,1,1,1,43,0,1354ddec,s126_10
s127_1.wav,1,1,1,1,30,0,f5733032,s127_1
s127_2.wav,1,1,1,1,30,0,0d006a5b,s127_2
s127_3.wav,1,1,1,1,30,0,c9cd8145,s127_3
s127_4.wav,1,1,1,1,30,0,d6dd4782,s127_4
s127_5.wav,1,1,1,1,30,0,23424aec,s127_5
s127_6.wav,0,1,1,0,30,0,afb18198,s127_6
s127_7.wav,0,1,0,0,30,0,9223e7e3,s127_7
s127_8.wav,1,1,0,0,30,0,a9f5eff0,s127_8
s127_9.wav,1,1,0,0,30,0,dc1edb7f,s127_9
s127_10.wav,1,1,0,0,30,0,e0fee85a,s127_10
s128_1.wav,0,0,0,0,21,0,f0d502f7,s128_1
s128_2.wav,0,0,0,0,21,0,2e974275,s128_2
s128_3.wav,0,0,0,0,21,0,adc7aaf2,s128_3
s128_4.wav,0,0,0,0,21,0,6c6c6183,s128_4
s128_5.wav,0,0,0,0,21,0,ac091293,s128_5
s128_6.wav,0,0,0,0,21,0,c4aa5de4,s128_6
s128_7.wav,0,0,0,0,21,0,6b9a0c16,s128_7
s128_8.wav,0,0,0,0,21,0,303ca254,s128_8
s128_9.wav,0,0,0,0,21,0,34ec989b,s128_9
s128_10.wav,0,0,0,0,21,0,0b97b0e1,s128_10
s129_1.wav,1,1,1,1,33,0,33321dae,s129_1
s129_2.wav,1,1,1,1,33,0,0468ce2b,s129_2
s129_3.wav,1,1,1,1,33,0,48ae974c,s129_3
s129_4.wav,1,1,1,1,33,0,b2097f37,s129_4
s129_5.wav,1,1,1,1,33,0,e15e9bf2,s129_5
s129_6.wav,1,1,1,1,33,0,c9c6ae5c,s129_6
s129_7.wav,1,1,1,1,33,0,6aa31c6b,s129_7
s129_8.wav,1,1,1,1,33,0,98e95e0d,s129_8
s129_9.wav,1,1,1,1,33,0,62337bcc,s129_9
s129_10.wav,1,1,1,1,33,0,303c4cfc,s129_10
s130_1.wav,1,1,0,0,28,0,97d63d1f,s130_1
s130_2.wav,1,1,0,0,28,0,0bf6c0d9,s130_2
s130_3.wav,1,1,0,0,28,0,9e0783c7,s130_3
s130_4.wav,1,1,0,0,28,0,e0db4a01,s130_4
s130_5.wav,1,1,0,0,28,0,8a5c0f66,s130_5
s130_6.wav,1,1,0,0,28,0,4ff83496,s130_6
s130_7.wav,1,1,0,0,28,0,9e41b933,s130_7
s130_8.wav,1,1,0,0,28,0,6c6e9b3e,s130_8
s130_9.wav,1,1,0,0,28,0,f473eb40,s130_9
s130_10.wav,1,1,0,0,28,0,9da67a22,s130_10
s131_1.wav,0,1,0,0,22,0,7c04a603,s131_1
s131_2.wav,0,1,0,0,22,0,39c0e661,s131_2
s131_3.wav,0,1,0,0,22,0,99269d18,s131_3
s131_4.wav,0,1,0,0,22,0,7b7bca13,s131_4
s131_5.wav,0,1,0,0,22,0,1324d689,s131_5
s131_6.wav,0,1,0,0,22,0,cb842f61,s131_6
s131_7.wav,0,1,0,0,22,0,8a895da3,s131_7
s131_8.wav,0,1,0,0,22,0,6c64870f,s131_8
s131_9.wav,0,1,0,0,22,0,8543b3ce,s131_9
s131_10.wav,0,1,0,0,22,0,d603f8a9,s131_10
s132_1.wav,1,1,1,1,24,0,f9306349,s132_1
s132_2.wav,1,1,1,1,24,0,9c3b06ce,s132_2
s132_3.wav,1,1,1,1,24,0,a5c1b567,s132_3
s132_4.wav,1,1,1,1,24,0,b867b004,s132_4
s132_5.wav,1,1,1,1,24,0,fbd8089a,s132_5
s132_6.wav,1,1,1,1,24,0,2708f08f,s132_6
s132_7.wav,1,1,1,1,24,0,e07e9de6,s132_7
s132_8.wav,1,1,1,1,24,0,b8329c4e,s132_8
s132_9.wav,1,1,1,1,24,0,88f86de6,s132_9
s132_10.wav,1,1,1,1,24,0,129dafc0,s132_10
s133_1.wav,1,1,1,1,49,0,bec76e11,s133_1
s133_2.wav,1,1,1,1,49,0,9b9ebf19,s133_2
s133_3.wav,1,1,1,1,49,0,4bc9c018,s133_3
s133_4.wav,1,1,1,1,49,0,010878d2,s133_4
s133_5.wav,1,1,1,1,49,0,b622599f,s133_5
s133_6.wav,1,1,1,1,49,0,09e7c2b4,s133_6
s133_7.wav,1,1,1,1,49,0,c7940d00,s133_7
s133_8.wav,1,1,1,1,49,0,832fd7ba,s133_8
s133_9.wav,1,1,1,1,49,0,9b397753,s133_9
s133_10.wav,1,1,1,1,49,0,5e207209,s133_10
s134_1.wav,0,1,1,0,48,1,9ca47705,s134_1
s134_2.wav,0,1,1,0,48,1,5c221746,s134_2
s134_3.wav,1,1,1,1,48,1,8dc0d68e,s134_3
s134_4.wav,1,1,1,1,48,1,617fda2b,s134_4
s134_5.wav,0,1,1,0,48,1,6b61d817,s134_5
s134_6.wav,1,1,1,1,48,1,e60b0092,s134_6
s134_7.wav,1,1,1,1,48,1,bfde3ec9,s134_7
s134_8.wav,0,1,1,0,48,1,d7562f7d,s134_8
s134_9.wav,0,1,1,0,48,1,c2ea8cbf,s134_9
s134_10.wav,0,1,1,0,48,1,8d0cd83c,s134_10
s135_1.wav,1,1,1,1,48,0,9e7b19b2,s135_1
s135_2.wav,1,1,1,1,48,0,877bbd09,s135_2
s135_3.wav,1,1,1,1,48,0,bdfe7b12,s135_3
s135_4.wav,1,1,1,1,48,0,02f7450a,s135_4
s135_5.wav,1,1,1,1,48,0,88fba71f,s135_5
s135_6.wav,1,1,1,1,48,0,288d319b,s135_6
s135_7.wav,1,1,1,1,48,0,f0d2f12f,s135_7
s135_8.wav,1,1,1,1,48,0,c01b3f5f,s135_8
s135_9.wav,1,1,1,1,48,0,4a3c510d,s135_9
s135_10.wav,1,1,1,1,48,0,ff205a99,s135_10
s136_1.wav,0,0,0,0,42,0,b1bab4a6,s136_1
s136_2.wav,0,0,0,0,42,0,23bc46c6,s136_2
s136_3.wav,0,0,0,0,42,0,cb60c294,s136_3
s136_4.wav,0,0,0,0,42,0,b203abde,s136_4
s136_5.wav,0,0,0,0,42,0,9a16955c,s136_5
s136_6.wav,0,0,0,0,42,0,5435cf2d,s136_6
s136_7.wav,0,0,0,0,42,0,72c066bd,s136_7
s136_8.wav,0,0,0,0,42,0,aea455d2,s136_8
s136_9.wav,0,0,0,0,42,0,f7d64751,s136_9
s136_10.wav,0,0,0,0,42,0,f666180b,s136_10
s137_1.wav,1,1,1,1,53,0,3e47380d,s137_1
s137_2.wav,1,1,1,1,53,0,4e06d0c0,s137_2
s137_3.wav,1,1,1,1,53,0,a327820d,s137_3
s137_4.wav,1,1,1,1,53,0,23a55e82,s137_4
s137_5.wav,1,1,1,1,53,0,166e51e7,s137_5
s137_6.wav,1,1,1,1,53,0,95933133,s137_6
s137_7.wav,1,1,1,1,53,0,f9e2946c,s137_7
s137_8.wav,1,1,1,1,53,0,9c5060f5,s137_8
s137_9.wav,1,1,1,1,53,0,9f6519ad,s137_9
s137_10.wav,1,1,1,1,53,0,d7840980,s137_10
s138_1.wav,1,1,1,1,53,0,aa00b0a1,s138_1
s138_2.wav,1,1,1,1,53,0,917f01f1,s138_2
s138_3.wav,1,1,1,1,53,0,5a02974e,s138_3
s138_4.wav,1,1,1,1,53,0,35e1a3ee,s138_4
s138_5.wav,1,1,1,1,53,0,a4c9b6f1,s138_5
s138_6.wav,1,1,1,1,53,0,1e821e7b,s138_6
s138_7.wav,1,1,1,1,53,0,84e5b26f,s138_7
s138_8.wav,1,1,1,1,53,0,fa4334db,s138_8
s138_9.wav,1,1,1,1,53,0,9d3d1690,s138_9
s138_10.wav,1,1,1,1,53,0,af19d437,s138_10
s139_1.wav,1,1,1,1,31,0,b7cd39c1,s139_1
s139_2.wav,1,1,1,1,31,0,8929a0fc,s139_2
s139_3.wav,1,1,1,1,31,0,b5c592a8,s139_3
s139_4.wav,1,1,1,1,31,0,b336fcd7,s139_4
s139_5.wav,1,1,1,1,31,0,88db291f,s139_5
s139_6.wav,1,1,1,1,31,0,1abbcca8,s139_6
s139_7.wav,1,1,1,1,31,0,1e1c4d03,s139_7
s139_8.wav,1,1,1,1,31,0,c86abc93,s139_8
s139_9.wav,1,1,1,1,31,0,b7bcc25e,s139_9
s139_10.wav,1,1,1,1,31,0,4522bafa,s139_10
s140_1.wav,1,1,1,1,28,0,e617614e,s140_1
s140_2.wav,1,1,1,1,28,0,2bfab6c8,s140_2
s140_3.wav,1,1,1,1,28,0,a03a23f8,s140_3
s140_4.wav,1,1,1,1,28,0,09bb567f,s140_4
s140_5.wav,1,1,1,1,28,0,13eab1bf,s140_5
s140_6.wav,1,1,1,1,28,0,1e68226b,s140_6
s140_7.wav,1,1,1,1,28,0,5a43c726,s140_7
s140_8.wav,1,1,1,1,28,0,52b58576,s140_8
s140_9.wav,1,1,1,1,28,0,4cda8623,s140_9
s141_1.wav,1,1,0,0,35,0,c151b77b,s141_1
s141_2.wav,1,1,0,0,35,0,587c7406,s141_2
s141_3.wav,1,1,0,0,35,0,9feb98da,s141_3
s141_4.wav,1,1,0,0,35,0,fe90e50e,s141_4
s141_5.wav,1,1,0,0,35,0,9eb1bd4b,s141_5
s141_6.wav,1,1,0,0,35,0,ee41d133,s141_6
s141_7.wav,1,1,0,0,35,0,755e2631,s141_7
s141_8.wav,1,1,0,0,35,0,3e0001e7,s141_8
s141_9.wav,1,1,0,0,35,0,5afb6f74,s141_9
s141_10.wav,1,1,0,0,35,0,793b58d8,s141_10
s142_1.wav,1,1,1,1,40,0,299ba22b,s142_1
s142_2.wav,1,1,1,1,40,0,4a27497d,s142_2
s142_3.wav,1,1,1,1,40,0,8a8aef96,s142_3
s142_4.wav,1,1,1,1,40,0,c5de0d96,s142_4
s142_5.wav,1,1,1,1,40,0,3557a32c,s142_5
s142_6.wav,1,1,1,1,40,0,0c5c0da5,s142_6
s142_7.wav,1,1,1,1,40,0,a3852d27,s142_7
s142_8.wav,1,1,1,1,40,0,bd9d5521,s142_8
s142_9.wav,1,1,1,1,40,0,367aa714,s142_9
s142_10.wav,1,1,1,1,40,0,8fc7c215,s142_10
s143_1.wav,1,1,1,1,42,0,890c4adc,s143_1
s143_2.wav,1,1,1,1,42,0,1f62de6b,s143_2
s143_3.wav,1,1,1,1,42,0,4656f58e,s143_3
s143_4.wav,1,1,1,1,42,0,ea9c439d,s143_4
s143_5.wav,1,1,1,1,42,0,55eb6e77,s143_5
s143_6.wav,1,1,1,1,42,0,052b579f,s143_6
s143_7.wav,1,1,1,1,42,0,7cdc6dad,s143_7
s143_8.wav,1,1,1,1,42,0,9fa4832d,s143_8
s143_9.wav,1,1,1,1,42,0,e2763678,s143_9
s143_10.wav,1,1,1,1,42,0,9edc7580,s143_10
s144_1.wav,1,1,1,1,51,0,4bb9d014,s144_1
s144_2.wav,1,1,1,1,51,0,f3ef6d1e,s144_2
s144_3.wav,1,1,1,1,51,0,bed6044a,s144_3
s144_4.wav,1,1,1,1,51,0,6a87e045,s144_4
s144_5.wav,1,1,1,1,51,0,9897d481,s144_5
s144_6.wav,1,1,1,1,51,0,f431f960,s144_6
s144_7.wav,1,1,1,1,51,0,7f93c6ba,s144_7
s144_8.wav,1,1,1,1,51,0,03c08816,s144_8
s144_9.wav,1,1,1,1,51,0,ee1201a0,s144_9
s144_10.wav,1,1,1,1,51,0,a5310140,s144_10
s145_1.wav,0,0,0,0,16,1,461da8cd,s145_1
s145_2.wav,0,0,0,0,16,1,9cfa5f96,s145_2
s145_3.wav,0,0,0,0,16,1,7a4ae886,s145_3
s145_4.wav,0,0,0,0,16,1,8eb04084,s145_4
s145_5.wav,0,0,0,0,16,1,25ed37ac,s145_5
s145_6.wav,0,0,0,0,16,1,f9a26abb,s145_6
s145_7.wav,0,0,0,0,16,1,870a9889,s145_7
s145_8.wav,0,0,0,0,16,1,2a38a026,s145_8
s145_9.wav,0,0,0,0,16,1,74c5ab11,s145_9
s145_10.wav,0,0,0,0,16,1,b70c9113,s145_10
s146_1.wav,1,1,0,0,53,0,bca968da,s146_1
s146_2.wav,1,1,0,0,53,0,b6f0f81d,s146_2
s146_3.wav,1,1,0,0,53,0,1183baae,s146_3
s146_4.wav,1,1,0,0,53,0,5d0500cd,s146_4
s146_5.wav,1,1,0,0,53,0,1f5647ad,s146_5
s146_6.wav,1,1,0,0,53,0,3303a1cc,s146_6
s146_7.wav,1,1,0,0,53,0,5cf7a013,s146_7
s146_8.wav,1,1,0,0,53,0,74faa1d1,s146_8
s146_9.wav,1,1,0,0,53,0,800713aa,s146_9
s146_10.wav,1,1,0,0,53,0,8f2b368f,s146_10
s147_1.wav,0,1,1,0,18,1,349d3297,s147_1
s147_2.wav,0,1,1,0,18,1,7f62b1f5,s147_2
s147_3.wav,0,1,1,0,18,1,49030b98,s147_3
s147_4.wav,0,1,1,0,18,1,34accf03,s147_4
s147_5.wav,0,1,1,0,18,1,5cbcd549,s147_5
s147_6.wav,0,1,1,0,18,1,e3df7eb8,s147_6
s147_7.wav,0,1,1,0,18,1,0509e77a,s147_7
s147_8.wav,0,1,1,0,18,1,26aaf5af,s147_8
s147_9.wav,0,1,1,0,18,1,7ca5d9a2,s147_9
s147_10.wav,0,1,1,0,18,1,19cb9e07,s147_10
s148_1.wav,0,0,0,0,9,0,80a5a47a,s148_1
s148_2.wav,0,0,0,0,9,0,5e5a5fb1,s148_2
s148_3.wav,0,0,0,0,9,0,0199c2ea,s148_3
s148_4.wav,0,0,0,0,9,0,35ccebfe,s148_4
s148_5.wav,0,0,0,0,9,0,ac9bd7a9,s148_5
s148_6.wav,0,0,0,0,9,0,98d5921e,s148_6
s148_7.wav,0,0,0,0,9,0,63422cd3,s148_7
s148_8.wav,0,0,0,0,9,0,85f1ff81,s148_8
s149_1.wav,0,1,0,0,17,1,39792342,s149_1
s149_2.wav,0,1,0,0,17,1,b1a27d46,s149_2
s149_3.wav,0,1,0,0,17,1,67813888,s149_3
s149_4.wav,0,1,0,0,17,1,0f01e865,s149_4
s149_5.wav,0,1,0,0,17,1,0c1afaa7,s149_5
s149_6.wav,0,1,0,0,17,1,84cdbf26,s149_6
s149_7.wav,0,1,0,0,17,1,7b40119e,s149_7
s149_8.wav,0,1,0,0,17,1,ac1a3e2d,s149_8
s149_9.wav,0,1,0,0,17,1,693df07f,s149_9
s150_1.wav,0,1,0,0,21,1,af7e13ff,s150_1
s150_2.wav,0,1,1,0,21,1,09139bb7,s150_2
s150_3.wav,0,1,1,0,21,1,56d3865e,s150_3
s150_4.wav,0,1,0,0,21,1,67c8b88a,s150_4
s150_5.wav,0,1,0,0,21,1,2589c7d9,s150_5
s150_6.wav,0,1,1,0,21,1,eefa6244,s150_6
s150_7.wav,0,1,1,0,21,1,3f373f10,s150_7
s150_8.wav,0,1,1,0,21,1,deba11ad,s150_8
s150_9.wav,0,1,1,0,21,1,21e96207,s150_9
s150_10.wav,0,1,1,0,21,1,6303e18c,s150_10
s151_1.wav,1,1,1,1,35,0,839a0383,s151_1
s151_2.wav,1,1,1,1,35,0,6367424b,s151_2
s151_3.wav,1,1,1,1,35,0,82a1d739,s151_3
s151_4.wav,1,1,0,0,35,0,95a101e4,s151_4
s151_5.wav,1,1,1,1,35,0,95405b43,s151_5
s151_6.wav,1,1,1,1,35,0,b9287059,s151_6
s151_7.wav,1,1,1,1,35,0,52898cbd,s151_7
s151_8.wav,1,1,1,1,35,0,2c1b3977,s151_8
s151_9.wav,1,1,1,1,35,0,f62c1b7a,s151_9
s151_10.wav,1,1,1,1,35,0,f051ab91,s151_10
s152_1.wav,1,1,1,1,25,1,8f24c17c,s152_1
s152_2.wav,1,1,1,1,25,1,8a39bd76,s152_2
s152_3.wav,1,1,1,1,25,1,40d0428f,s152_3
s152_4.wav,1,1,1,1,25,1,f18e2e83,s152_4
s152_5.wav,1,1,1,1,25,1,9bc52079,s152_5
s152_6.wav,1,1,1,1,25,1,5a40158c,s152_6
s152_7.wav,1,1,1,1,25,1,e5eda34a,s152_7
s152_8.wav,1,1,1,1,25,1,eb2936b3,s152_8
s153_1.wav,0,1,0,0,38,0,44e43326,s153_1
s153_2.wav,0,1,0,0,38,0,15062502,s153_2
s153_3.wav,0,1,0,0,38,0,c6e3e449,s153_3
s153_4.wav,1,1,0,0,38,0,ddad4348,s153_4
s153_5.wav,1,1,1,1,38,0,6b5ae528,s153_5
s153_6.wav,1,1,1,1,38,0,fae06fcc,s153_6
s153_7.wav,1,1,1,1,38,0,c8f5947a,s153_7
s153_8.wav,1,1,1,1,38,0,369a4731,s153_8
s153_9.wav,1,1,1,1,38,0,2ffc8bc3,s153_9
s153_10.wav,1,1,1,1,38,0,85a9e578,s153_10
s154_1.wav,1,1,0,0,60,1,7cc3d3ce,s154_1
s154_2.wav,0,1,1,0,60,1,1763e323,s154_2
s154_3.wav,0,1,1,0,60,1,8002b31d,s154_3
s154_4.wav,0,1,1,0,60,1,ce8f1360,s154_4
s154_5.wav,1,1,1,0,60,1,6d2c0519,s154_5
s154_6.wav,1,1,1,1,60,1,dcfc879d,s154_6
s154_7.wav,0,1,1,1,60,1,b4b683c3,s154_7
s154_8.wav,0,1,1,0,60,1,59fa7eb6,s154_8
s154_9.wav,0,1,1,0,60,1,2fa0807d,s154_9
s155_1.wav,1,1,1,1,60,1,966f3b80,s155_1
s155_2.wav,1,1,1,1,60,1,e5b76280,s155_2
s155_3.wav,1,1,1,1,60,1,e9c2fbfb,s155_3
s155_4.wav,1,1,1,1,60,1,5e2b477f,s155_4
s155_5.wav,1,1,1,1,60,1,8bf39486,s155_5
s155_6.wav,1,1,1,1,60,1,6bcea555,s155_6
s155_7.wav,1,1,1,1,60,1,de31a748,s155_7
s155_8.wav,1,1,1,1,60,1,635bc560,s155_8
s156_1.wav,1,1,0,0,54,0,45cafcb6,s156_1
s156_2.wav,1,1,0,0,54,0,7fe073b6,s156_2
s156_3.wav,1,1,0,0,54,0,a6ba5965,s156_3
s156_4.wav,1,1,0,0,54,0,4ba2a35a,s156_4
s156_5.wav,1,1,0,0,54,0,6cbfcab4,s156_5
s156_6.wav,1,1,0,0,54,0,59f81ee2,s156_6
s156_7.wav,1,1,0,0,54,0,29384bdf,s156_7
s156_8.wav,1,1,0,0,54,0,8bec4a3e,s156_8
s156_9.wav,1,1,0,0,54,0,e1414630,s156_9
s156_10.wav,1,1,0,0,54,0,49a90ebc,s156_10
s157_1.wav,1,1,1,1,29,1,d8c5c2e3,s157_1
s157_2.wav,1,1,1,1,29,1,3bd623c1,s157_2
s157_3.wav,1,1,1,1,29,1,9a35803b,s157_3
s157_4.wav,1,1,1,1,29,1,de17f317,s157_4
s157_5.wav,1,1,1,1,29,1,5d34085a,s157_5
s157_6.wav,1,1,1,1,29,1,a5c34253,s157_6
s157_7.wav,1,1,1,1,29,1,e748a17f,s157_7
s157_8.wav,1,1,1,1,29,1,09defa85,s157_8
s157_9.wav,1,1,1,1,29,1,0b37882c,s157_9
s157_10.wav,1,1,1,1,29,1,aae4c45a,s157_10
s158_1.wav,1,1,0,0,24,1,4dde777c,s158_1
s158_2.wav,0,1,1,0,24,1,329cd8cd,s158_2
s158_3.wav,1,1,0,0,24,1,29059bd7,s158_3
s158_4.wav,1,1,0,0,24,1,7e2ca366,s158_4
s158_5.wav,1,1,0,0,24,1,656c3afd,s158_5
s158_6.wav,1,1,0,0,24,1,1945729f,s158_6
s158_7.wav,1,1,0,0,24,1,fb53f847,s158_7
s158_8.wav,1,1,0,0,24,1,b40efbcd,s158_8
s158_9.wav,1,1,0,0,24,1,e1c62cca,s158_9
s158_10.wav,1,1,0,0,24,1,cbc8dd3c,s158_10
s159_1.wav,0,1,1,0,22,1,9d3cd451,s159_1
s159_2.wav,1,1,1,1,22,1,fe7de76b,s159_2
s159_3.wav,1,1,1,1,22,1,a43d6d09,s159_3
s159_4.wav,1,1,1,1,22,1,5497f00f,s159_4
s159_5.wav,1,1,1,1,22,1,08a46e94,s159_5
s159_6.wav,1,1,1,1,22,1,1f9e1dc1,s159_6
s159_7.wav,0,1,1,0,22,1,23ce33da,s159_7
s159_8.wav,1,1,1,1,22,1,33fc14f9,s159_8
s159_9.wav,1,1,1,1,22,1,ebefff1c,s159_9
s159_10.wav,1,1,1,1,22,1,2cff50ed,s159_10
s160_1.wav,0,1,1,1,21,1,bf1f7daa,s160_1
s160_2.wav,1,1,1,1,21,1,53fa93d6,s160_2
s160_3.wav,1,1,1,1,21,1,9b6a9bd1,s160_3
s160_4.wav,1,1,1,1,21,1,f13a7d5b,s160_4
s160_5.wav,1,1,1,1,21,1,feb567b0,s160_5
s160_6.wav,1,1,1,1,21,1,9080da1a,s160_6
s160_7.wav,1,1,1,1,21,1,1f66db8b,s160_7
s160_8.wav,1,1,1,1,21,1,0a31bccc,s160_8
s160_9.wav,1,1,1,1,21,1,45738fec,s160_9
s160_10.wav,0,1,1,0,21,1,0088066b,s160_10
